2019-01-01,0.0,0.0,0.0,0.0,0.0,0.0,0.0,0.0,0.0,0.0,0.0,0.0,0.0,0.0,0.097,0.156,0.32,0.232,0.802,0.533,1.21,0.818,0.642,1.295,2.117,1.612,2.312,1.658,2.312,1.639,2.223,1.532,2.033,1.367,1.732,1.074,1.219,0.651,0.593,0.217,0.096,0.009,0.0,0.0,0.0,0.0,0.0,0.0
2019-01-02,0.0,0.0,0.0,0.0,0.0,0.0,0.0,0.0,0.0,0.0,0.0,0.0,0.0,0.002,0.183,0.137,0.331,0.41,0.804,0.822,1.035,1.223,1.906,1.488,2.216,1.42,2.036,1.125,1.531,1.346,1.078,1.216,1.699,1.394,1.599,0.915,0.968,0.601,0.59,0.207,0.073,0.002,0.0,0.0,0.0,0.0,0.0,0.0
2019-01-03,0.0,0.0,0.0,0.0,0.0,0.0,0.0,0.0,0.0,0.0,0.0,0.0,0.0,0.005,0.083,0.122,0.367,0.353,0.797,0.585,1.18,1.137,1.717,0.898,1.616,1.307,2.407,1.762,2.45,1.564,2.313,1.594,2.094,1.379,1.698,1.044,1.212,0.643,0.61,0.222,0.101,0.01,0.0,0.0,0.0,0.0,0.0,0.0
2019-01-04,0.0,0.0,0.0,0.0,0.0,0.0,0.0,0.0,0.0,0.0,0.0,0.0,0.0,0.0,0.04,0.078,0.265,0.349,0.805,0.792,1.4,1.176,1.841,1.425,2.127,1.571,2.274,1.59,2.278,1.627,2.316,1.576,2.006,1.337,1.598,1.04,1.254,0.662,0.448,0.266,0.095,0.01,0.0,0.0,0.0,0.0,0.0,0.0
2019-01-05,0.0,0.0,0.0,0.0,0.0,0.0,0.0,0.0,0.0,0.0,0.0,0.0,0.0,0.0,0.055,0.07,0.247,0.36,0.797,0.817,1.422,1.189,1.84,1.44,2.155,1.598,2.323,1.694,2.37,1.669,2.266,1.553,2.006,0.915,1.672,1.037,1.188,0.645,0.578,0.095,0.149,0.006,0.0,0.0,0.0,0.0,0.0,0.0
2019-01-06,0.0,0.0,0.0,0.0,0.0,0.0,0.0,0.0,0.0,0.0,0.0,0.0,0.0,0.0,0.008,0.064,0.214,0.329,0.756,0.752,1.333,1.129,1.79,1.401,2.108,1.576,2.255,1.631,2.27,1.612,2.204,1.502,1.958,1.206,1.587,1.083,1.072,0.425,0.392,0.134,0.071,0.003,0.0,0.0,0.0,0.0,0.0,0.0
2019-01-07,0.0,0.0,0.0,0.0,0.0,0.0,0.0,0.0,0.0,0.0,0.0,0.0,0.0,0.0,0.07,0.206,0.355,0.303,0.413,0.347,0.752,0.388,0.45,0.514,0.863,0.454,0.955,0.929,1.578,0.825,1.018,0.833,0.563,0.995,1.178,0.318,0.393,0.232,0.178,0.092,0.095,0.01,0.0,0.0,0.0,0.0,0.0,0.0
2019-01-08,0.0,0.0,0.0,0.0,0.0,0.0,0.0,0.0,0.0,0.0,0.0,0.0,0.0,0.0,0.095,0.132,0.174,0.267,0.551,0.341,0.706,0.643,0.929,0.815,1.543,1.312,1.725,1.109,1.545,0.816,1.038,0.766,1.413,0.896,1.358,0.569,0.557,0.312,0.451,0.256,0.167,0.033,0.002,0.0,0.0,0.0,0.0,0.0
2019-01-09,0.0,0.0,0.0,0.0,0.0,0.0,0.0,0.0,0.0,0.0,0.0,0.0,0.0,0.009,0.087,0.072,0.248,0.321,0.64,0.803,1.387,1.174,1.029,0.277,1.676,1.697,2.422,1.762,2.472,1.756,2.402,1.652,2.184,1.441,1.816,1.129,1.303,0.705,0.648,0.203,0.084,0.013,0.0,0.0,0.0,0.0,0.0,0.0
2019-01-10,0.0,0.0,0.0,0.0,0.0,0.0,0.0,0.0,0.0,0.0,0.0,0.0,0.0,0.0,0.105,0.117,0.221,0.334,0.772,0.746,1.421,1.183,1.795,1.289,1.595,1.387,2.082,1.259,2.14,1.168,1.166,0.932,1.897,0.77,0.998,0.99,1.161,0.66,0.615,0.234,0.113,0.013,0.0,0.0,0.0,0.0,0.0,0.0
2019-01-11,0.0,0.0,0.0,0.0,0.0,0.0,0.0,0.0,0.0,0.0,0.0,0.0,0.0,0.024,0.119,0.11,0.239,0.325,0.758,0.755,1.317,1.122,1.782,1.368,2.014,1.524,2.223,1.439,1.816,1.122,1.72,0.928,1.482,1.233,1.046,0.436,0.536,0.32,0.496,0.16,0.088,0.006,0.0,0.0,0.0,0.0,0.0,0.0
2019-01-12,0.0,0.0,0.0,0.0,0.0,0.0,0.0,0.0,0.0,0.0,0.0,0.0,0.0,0.0,0.0,0.04,0.108,0.073,0.179,0.066,0.26,0.332,0.479,0.192,0.646,0.329,0.353,0.083,0.292,0.204,0.291,0.2,0.183,0.101,0.177,0.062,0.128,0.066,0.052,0.007,0.0,0.0,0.0,0.0,0.0,0.0,0.0,0.0
2019-01-13,0.0,0.0,0.0,0.0,0.0,0.0,0.0,0.0,0.0,0.0,0.0,0.0,0.0,0.0,0.0,0.06,0.186,0.131,0.635,0.712,0.881,0.709,1.877,1.448,1.759,0.924,0.763,0.381,0.794,0.319,0.381,0.179,0.391,0.159,0.824,0.454,0.242,0.221,0.153,0.134,0.032,0.015,0.0,0.0,0.0,0.0,0.0,0.0
2019-01-14,0.0,0.0,0.0,0.0,0.0,0.0,0.0,0.0,0.0,0.0,0.0,0.0,0.0,0.0,0.03,0.065,0.256,0.455,1.059,0.451,1.04,0.521,1.242,0.778,1.008,1.177,1.452,0.934,1.509,1.152,2.393,1.658,2.198,1.45,1.821,1.13,1.298,0.704,0.651,0.239,0.109,0.008,0.0,0.0,0.0,0.0,0.0,0.0
2019-01-15,0.0,0.0,0.0,0.0,0.0,0.0,0.0,0.0,0.0,0.0,0.0,0.0,0.0,0.0,0.0,0.071,0.226,0.271,0.349,0.707,1.344,0.967,1.626,0.995,0.798,0.496,0.973,0.82,0.82,0.559,1.526,1.346,2.174,1.187,1.475,1.079,1.318,0.735,0.523,0.076,0.069,0.009,0.0,0.0,0.0,0.0,0.0,0.0
2019-01-16,0.0,0.0,0.0,0.0,0.0,0.0,0.0,0.0,0.0,0.0,0.0,0.0,0.0,0.0,0.058,0.066,0.205,0.316,0.754,0.762,1.373,1.17,1.86,1.453,2.173,1.62,2.344,1.71,2.374,1.675,2.293,1.576,2.086,1.377,1.727,1.071,1.241,0.675,0.633,0.233,0.108,0.009,0.0,0.0,0.0,0.0,0.0,0.0
2019-01-17,0.0,0.0,0.0,0.0,0.0,0.0,0.0,0.0,0.0,0.0,0.0,0.0,0.0,0.0,0.015,0.057,0.233,0.363,0.82,0.771,1.323,1.143,1.815,1.412,2.105,1.564,2.271,1.652,2.327,1.637,2.236,1.553,2.074,1.382,1.739,1.084,1.258,0.684,0.64,0.236,0.106,0.007,0.0,0.0,0.0,0.0,0.0,0.0
2019-01-18,0.0,0.0,0.0,0.0,0.0,0.0,0.0,0.0,0.0,0.0,0.0,0.0,0.0,0.0,0.047,0.055,0.186,0.301,0.723,0.737,1.328,1.132,1.804,1.406,2.106,1.581,2.272,1.648,2.31,1.621,2.203,1.504,1.933,1.218,1.609,0.999,1.144,0.63,0.589,0.218,0.101,0.007,0.0,0.0,0.0,0.0,0.0,0.0
2019-01-19,0.0,0.0,0.0,0.0,0.0,0.0,0.0,0.0,0.0,0.0,0.0,0.0,0.0,0.0,0.0,0.001,0.164,0.283,0.695,0.72,1.304,1.116,1.769,1.389,2.075,1.547,2.224,1.605,2.217,1.537,2.105,1.429,1.896,1.301,1.66,1.01,1.173,0.639,0.591,0.219,0.101,0.005,0.0,0.0,0.0,0.0,0.0,0.0
2019-01-20,0.0,0.0,0.0,0.0,0.0,0.0,0.0,0.0,0.0,0.0,0.0,0.0,0.0,0.0,0.064,0.141,0.247,0.297,0.485,0.488,0.878,0.829,1.502,1.087,1.13,0.881,1.113,0.711,1.888,1.155,1.427,1.037,0.923,0.518,1.451,0.844,0.567,0.227,0.565,0.109,0.088,0.002,0.0,0.0,0.0,0.0,0.0,0.0
2019-01-21,0.0,0.0,0.0,0.0,0.0,0.0,0.0,0.0,0.0,0.0,0.0,0.0,0.0,0.0,0.0,0.0,0.192,0.2,0.626,0.75,1.027,0.459,1.228,1.429,1.705,1.171,1.401,0.842,1.408,1.496,1.664,0.755,1.133,0.508,0.703,0.589,0.729,0.588,0.591,0.107,0.078,0.002,0.0,0.0,0.0,0.0,0.0,0.0
2019-01-22,0.0,0.0,0.0,0.0,0.0,0.0,0.0,0.0,0.0,0.0,0.0,0.0,0.0,0.0,0.0,0.065,0.26,0.241,0.446,0.525,0.798,0.997,1.753,1.369,2.053,1.559,2.252,1.657,2.337,1.658,2.276,1.564,2.069,1.362,1.706,1.046,1.19,0.63,0.59,0.223,0.103,0.007,0.0,0.0,0.0,0.0,0.0,0.0
2019-01-23,0.0,0.0,0.0,0.0,0.0,0.0,0.0,0.0,0.0,0.0,0.0,0.0,0.0,0.0,0.008,0.109,0.247,0.201,0.542,0.457,1.307,0.81,1.753,1.418,2.133,1.613,2.332,1.706,2.412,1.714,2.324,1.557,2.072,1.33,1.711,1.086,1.252,0.677,0.634,0.233,0.1,0.004,0.0,0.0,0.0,0.0,0.0,0.0
2019-01-24,0.0,0.0,0.0,0.0,0.0,0.0,0.0,0.0,0.0,0.0,0.0,0.0,0.0,0.0,0.025,0.096,0.232,0.321,0.547,0.322,0.608,0.778,1.42,1.212,1.359,0.724,2.213,1.658,2.35,1.666,2.242,1.523,2.008,1.335,1.685,1.056,1.216,0.656,0.608,0.224,0.1,0.007,0.0,0.0,0.0,0.0,0.0,0.0
2019-01-25,0.0,0.0,0.0,0.0,0.0,0.0,0.0,0.0,0.0,0.0,0.0,0.0,0.0,0.0,0.0,0.017,0.159,0.166,0.433,0.523,0.877,1.041,1.725,1.313,2.019,1.512,2.191,1.606,2.27,1.61,2.201,1.508,1.934,1.268,1.597,0.986,1.119,0.59,0.389,0.046,0.069,0.009,0.0,0.0,0.0,0.0,0.0,0.0
2019-01-26,0.0,0.0,0.0,0.0,0.0,0.0,0.0,0.0,0.0,0.0,0.0,0.0,0.0,0.0,0.0,0.0,0.135,0.138,0.3,0.459,0.805,0.761,1.316,1.116,1.887,1.392,1.842,1.629,2.251,1.087,1.443,0.897,0.986,0.7,0.856,0.401,0.162,0.086,0.175,0.048,0.007,0.0,0.0,0.0,0.0,0.0,0.0,0.0
2019-01-27,0.0,0.0,0.0,0.0,0.0,0.0,0.0,0.0,0.0,0.0,0.0,0.0,0.0,0.0,0.005,0.074,0.177,0.268,0.654,0.662,0.978,0.754,1.677,1.326,1.988,1.489,2.187,1.404,2.356,1.574,2.137,1.489,1.986,1.289,1.579,0.97,1.113,0.596,0.546,0.192,0.081,0.003,0.0,0.0,0.0,0.0,0.0,0.0
2019-01-28,0.0,0.0,0.0,0.0,0.0,0.0,0.0,0.0,0.0,0.0,0.0,0.0,0.0,0.0,0.0,0.0,0.137,0.241,0.62,0.654,1.206,1.044,1.677,1.32,1.988,1.489,2.14,1.564,2.113,1.229,1.477,1.135,1.19,1.126,0.731,0.592,0.839,0.614,0.569,0.198,0.077,0.002,0.0,0.0,0.0,0.0,0.0,0.0
2019-01-29,0.0,0.0,0.0,0.0,0.0,0.0,0.0,0.0,0.0,0.0,0.0,0.0,0.0,0.0,0.051,0.09,0.218,0.222,0.336,0.342,0.76,1.174,1.368,1.21,0.633,0.433,0.742,0.395,0.28,0.411,1.328,0.716,0.862,0.617,0.315,0.053,0.042,0.044,0.064,0.004,0.0,0.0,0.0,0.0,0.0,0.0,0.0,0.0
2019-01-30,0.0,0.0,0.0,0.0,0.0,0.0,0.0,0.0,0.0,0.0,0.0,0.0,0.0,0.0,0.0,0.0,0.018,0.075,0.191,0.263,0.464,0.301,0.845,1.195,1.686,0.79,0.645,1.104,1.43,0.928,0.473,0.266,1.413,0.683,0.598,0.383,0.491,0.22,0.284,0.049,0.045,0.005,0.0,0.0,0.0,0.0,0.0,0.0
2019-01-31,0.0,0.0,0.0,0.0,0.0,0.0,0.0,0.0,0.0,0.0,0.0,0.0,0.0,0.0,0.0,0.09,0.265,0.172,0.642,0.442,0.571,0.821,1.212,0.817,1.358,0.856,1.482,0.887,2.056,0.944,1.606,1.338,1.94,0.96,1.052,0.572,0.846,0.293,0.205,0.213,0.055,0.002,0.0,0.0,0.0,0.0,0.0,0.0
2019-02-01,0.0,0.0,0.0,0.0,0.0,0.0,0.0,0.0,0.0,0.0,0.0,0.0,0.0,0.0,0.011,0.045,0.139,0.256,0.674,0.714,1.313,1.137,1.068,1.429,1.986,1.661,2.375,1.647,2.278,1.463,1.852,1.242,1.441,1.203,1.54,1.084,1.209,0.69,0.633,0.225,0.086,0.002,0.0,0.0,0.0,0.0,0.0,0.0
2019-02-02,0.0,0.0,0.0,0.0,0.0,0.0,0.0,0.0,0.0,0.0,0.0,0.0,0.0,0.0,0.019,0.052,0.145,0.252,0.652,0.689,1.255,1.164,1.482,0.996,1.715,1.607,2.326,1.693,2.394,1.501,2.293,1.387,1.386,0.934,1.713,1.079,1.237,0.666,0.604,0.209,0.079,0.002,0.0,0.0,0.0,0.0,0.0,0.0
2019-02-03,0.0,0.0,0.0,0.0,0.0,0.0,0.0,0.0,0.0,0.0,0.0,0.0,0.0,0.0,0.0,0.0,0.095,0.234,0.635,0.689,1.312,1.027,1.73,1.408,2.083,1.556,1.751,1.549,2.067,1.524,1.89,1.3,1.937,1.334,1.636,1.055,1.231,0.76,0.685,0.242,0.076,0.001,0.0,0.0,0.0,0.0,0.0,0.0
2019-02-04,0.0,0.0,0.0,0.0,0.0,0.0,0.0,0.0,0.0,0.0,0.0,0.0,0.0,0.0,0.0,0.0,0.113,0.24,0.642,0.686,1.257,1.087,1.735,1.384,2.094,1.569,2.269,1.643,2.328,1.679,2.313,1.585,2.104,1.384,1.742,1.074,1.235,0.672,0.622,0.218,0.072,0.001,0.0,0.0,0.0,0.0,0.0,0.0
2019-02-05,0.0,0.0,0.0,0.0,0.0,0.0,0.0,0.0,0.0,0.0,0.0,0.0,0.0,0.0,0.0,0.009,0.076,0.097,0.283,0.331,0.429,0.614,1.524,1.215,1.984,1.57,2.29,1.573,1.904,1.086,2.134,1.649,1.872,1.115,1.315,0.945,1.2,0.531,0.505,0.187,0.055,0.0,0.0,0.0,0.0,0.0,0.0,0.0
2019-02-06,0.0,0.0,0.0,0.0,0.0,0.0,0.0,0.0,0.0,0.0,0.0,0.0,0.0,0.0,0.009,0.085,0.167,0.238,0.715,0.655,1.027,0.939,1.621,1.271,1.995,1.502,2.221,1.636,2.292,1.629,2.217,1.513,1.959,1.286,1.619,1.007,1.163,0.627,0.56,0.19,0.059,0.0,0.0,0.0,0.0,0.0,0.0,0.0
2019-02-07,0.0,0.0,0.0,0.0,0.0,0.0,0.0,0.0,0.0,0.0,0.0,0.0,0.0,0.0,0.0,0.009,0.131,0.221,0.586,0.629,1.168,1.013,1.635,1.312,1.978,1.474,2.109,1.52,2.15,1.544,2.045,1.374,1.727,0.941,1.404,0.956,1.073,0.549,0.529,0.172,0.034,0.0,0.0,0.0,0.0,0.0,0.0,0.0
2019-02-08,0.0,0.0,0.0,0.0,0.0,0.0,0.0,0.0,0.0,0.0,0.0,0.0,0.0,0.0,0.0,0.086,0.238,0.325,0.604,0.601,0.651,0.522,0.92,0.95,1.15,1.138,1.526,0.837,1.808,0.773,0.855,0.666,0.717,0.454,0.877,0.871,0.574,0.298,0.261,0.06,0.015,0.0,0.0,0.0,0.0,0.0,0.0,0.0
2019-02-09,0.0,0.0,0.0,0.0,0.0,0.0,0.0,0.0,0.0,0.0,0.0,0.0,0.0,0.0,0.0,0.0,0.036,0.112,0.229,0.357,0.672,0.442,0.392,0.517,0.916,0.621,0.646,0.477,2.067,1.696,1.545,1.433,1.967,1.301,1.668,1.018,1.16,0.622,0.559,0.184,0.046,0.0,0.0,0.0,0.0,0.0,0.0,0.0
2019-02-10,0.0,0.0,0.0,0.0,0.0,0.0,0.0,0.0,0.0,0.0,0.0,0.0,0.0,0.0,0.0,0.0,0.147,0.212,0.579,0.62,0.653,0.201,0.155,0.176,0.189,0.235,0.589,0.257,0.384,0.327,0.84,0.715,0.563,0.456,1.643,0.588,1.125,0.743,0.464,0.029,0.034,0.0,0.0,0.0,0.0,0.0,0.0,0.0
2019-02-11,0.0,0.0,0.0,0.0,0.0,0.0,0.0,0.0,0.0,0.0,0.0,0.0,0.0,0.0,0.0,0.063,0.254,0.055,0.201,0.301,0.622,0.606,1.302,1.169,2.116,1.528,2.032,1.589,2.199,1.59,2.058,1.676,2.031,1.421,1.828,0.994,1.041,0.618,0.631,0.143,0.049,0.0,0.0,0.0,0.0,0.0,0.0,0.0
2019-02-12,0.0,0.0,0.0,0.0,0.0,0.0,0.0,0.0,0.0,0.0,0.0,0.0,0.0,0.0,0.0,0.0,0.102,0.112,0.12,0.211,0.337,0.356,1.081,1.165,1.601,0.863,2.063,1.718,2.382,1.783,2.051,1.531,2.106,1.379,1.735,0.958,0.786,0.415,0.432,0.097,0.035,0.0,0.0,0.0,0.0,0.0,0.0,0.0
2019-02-13,0.0,0.0,0.0,0.0,0.0,0.0,0.0,0.0,0.0,0.0,0.0,0.0,0.0,0.0,0.0,0.0,0.105,0.219,0.596,0.65,1.208,1.056,1.696,1.364,2.061,1.558,2.203,1.638,2.261,1.604,2.18,1.329,1.962,1.131,1.089,0.803,0.948,0.499,0.519,0.142,0.046,0.0,0.0,0.0,0.0,0.0,0.0,0.0
2019-02-14,0.0,0.0,0.0,0.0,0.0,0.0,0.0,0.0,0.0,0.0,0.0,0.0,0.0,0.0,0.0,0.023,0.054,0.029,0.138,0.172,0.659,0.98,1.198,0.962,1.884,1.3,2.33,1.786,2.441,1.79,2.404,1.565,2.191,1.426,1.748,1.088,1.219,0.641,0.545,0.169,0.039,0.0,0.0,0.0,0.0,0.0,0.0,0.0
2019-02-15,0.0,0.0,0.0,0.0,0.0,0.0,0.0,0.0,0.0,0.0,0.0,0.0,0.0,0.0,0.0,0.044,0.168,0.304,0.576,0.664,1.235,1.038,1.669,1.332,1.991,1.357,1.774,0.78,0.919,0.8,0.998,0.445,0.561,0.271,0.472,0.286,0.655,0.332,0.27,0.046,0.006,0.0,0.0,0.0,0.0,0.0,0.0,0.0
2019-02-16,0.0,0.0,0.0,0.0,0.0,0.0,0.0,0.0,0.0,0.0,0.0,0.0,0.0,0.0,0.0,0.038,0.185,0.215,0.6,0.574,1.136,0.948,1.547,1.444,1.947,1.619,2.347,1.611,2.235,1.65,2.26,1.541,2.044,1.353,1.689,1.008,1.157,0.624,0.537,0.123,0.036,0.0,0.0,0.0,0.0,0.0,0.0,0.0
2019-02-17,0.0,0.0,0.0,0.0,0.0,0.0,0.0,0.0,0.0,0.0,0.0,0.0,0.0,0.0,0.002,0.044,0.12,0.218,0.581,0.634,1.176,1.054,1.687,1.33,1.652,1.154,2.187,1.428,1.637,1.102,1.843,1.497,2.028,1.348,1.685,1.017,1.122,0.605,0.529,0.146,0.03,0.0,0.0,0.0,0.0,0.0,0.0,0.0
2019-02-18,0.0,0.0,0.0,0.0,0.0,0.0,0.0,0.0,0.0,0.0,0.0,0.0,0.0,0.0,0.017,0.043,0.169,0.195,0.589,0.626,1.101,0.852,1.472,1.307,1.956,1.526,1.721,1.176,2.007,0.957,0.701,0.604,0.759,0.615,0.865,0.651,0.546,0.2,0.2,0.044,0.01,0.0,0.0,0.0,0.0,0.0,0.0,0.0
2019-02-19,0.0,0.0,0.0,0.0,0.0,0.0,0.0,0.0,0.0,0.0,0.0,0.0,0.0,0.0,0.0,0.024,0.14,0.201,0.561,0.469,0.592,0.451,0.631,0.614,1.103,1.257,1.18,1.526,1.211,1.278,1.605,0.794,1.277,1.3,1.431,1.098,1.076,0.548,0.468,0.135,0.017,0.0,0.0,0.0,0.0,0.0,0.0,0.0
2019-02-20,0.0,0.0,0.0,0.0,0.0,0.0,0.0,0.0,0.0,0.0,0.0,0.0,0.0,0.0,0.0,0.0,0.055,0.19,0.567,0.644,1.21,1.067,1.729,1.367,2.071,1.567,2.258,1.641,2.316,1.638,2.237,1.544,2.037,1.347,1.699,1.048,1.182,0.617,0.498,0.109,0.008,0.0,0.0,0.0,0.0,0.0,0.0,0.0
2019-02-21,0.0,0.0,0.0,0.0,0.0,0.0,0.0,0.0,0.0,0.0,0.0,0.0,0.0,0.0,0.0,0.026,0.146,0.24,0.474,0.417,0.681,0.681,0.996,0.833,1.2,0.854,0.982,0.604,1.692,1.471,2.053,1.603,0.998,0.39,0.456,0.21,0.239,0.24,0.176,0.041,0.009,0.0,0.0,0.0,0.0,0.0,0.0,0.0
2019-02-22,0.0,0.0,0.0,0.0,0.0,0.0,0.0,0.0,0.0,0.0,0.0,0.0,0.0,0.0,0.0,0.0,0.146,0.296,0.581,0.561,1.136,1.025,1.075,0.824,1.71,1.508,2.119,1.537,2.162,1.515,2.029,1.326,1.428,0.856,1.217,0.53,0.435,0.279,0.218,0.037,0.001,0.0,0.0,0.0,0.0,0.0,0.0,0.0
2019-02-23,0.0,0.0,0.0,0.0,0.0,0.0,0.0,0.0,0.0,0.0,0.0,0.0,0.0,0.0,0.0,0.0,0.0,0.0,0.167,0.204,0.517,0.428,0.538,0.226,0.628,0.891,0.678,0.319,1.056,1.011,1.687,1.531,1.661,1.142,1.605,0.983,1.037,0.544,0.32,0.087,0.007,0.0,0.0,0.0,0.0,0.0,0.0,0.0
2019-02-24,0.0,0.0,0.0,0.0,0.0,0.0,0.0,0.0,0.0,0.0,0.0,0.0,0.0,0.0,0.0,0.011,0.081,0.048,0.11,0.142,0.559,0.847,0.732,1.046,0.612,0.23,0.605,0.49,0.583,0.332,0.2,0.079,0.176,0.139,0.137,0.08,0.079,0.073,0.073,0.023,0.001,0.0,0.0,0.0,0.0,0.0,0.0,0.0
2019-02-25,0.0,0.0,0.0,0.0,0.0,0.0,0.0,0.0,0.0,0.0,0.0,0.0,0.0,0.0,0.0,0.0,0.0,0.05,0.36,0.297,0.464,0.443,0.709,0.479,0.729,0.473,0.989,0.56,0.79,0.818,1.867,1.004,1.735,1.056,1.105,1.056,1.042,0.19,0.082,0.0,0.0,0.0,0.0,0.0,0.0,0.0,0.0,0.0
2019-02-26,0.0,0.0,0.0,0.0,0.0,0.0,0.0,0.0,0.0,0.0,0.0,0.0,0.0,0.0,0.0,0.012,0.081,0.176,0.542,0.624,1.185,1.058,1.729,1.372,2.071,1.557,2.247,1.623,2.283,1.608,2.204,1.502,1.98,1.299,1.622,0.993,1.108,0.569,0.462,0.101,0.007,0.0,0.0,0.0,0.0,0.0,0.0,0.0
2019-02-27,0.0,0.0,0.0,0.0,0.0,0.0,0.0,0.0,0.0,0.0,0.0,0.0,0.0,0.0,0.0,0.017,0.095,0.187,0.536,0.603,1.143,1.048,1.696,1.327,2.058,1.55,2.245,1.633,2.272,1.61,2.19,1.492,1.969,1.284,1.591,0.974,1.086,0.551,0.441,0.089,0.004,0.0,0.0,0.0,0.0,0.0,0.0,0.0
2019-02-28,0.0,0.0,0.0,0.0,0.0,0.0,0.0,0.0,0.0,0.0,0.0,0.0,0.0,0.0,0.0,0.009,0.134,0.149,0.529,0.642,0.533,0.354,1.29,1.346,2.004,1.502,2.227,1.626,2.302,1.647,2.234,1.546,1.509,0.506,0.62,0.586,0.894,0.208,0.121,0.024,0.0,0.0,0.0,0.0,0.0,0.0,0.0,0.0
2019-03-01,0.0,0.0,0.0,0.0,0.0,0.0,0.0,0.0,0.0,0.0,0.0,0.0,0.0,0.0,0.0,0.0,0.045,0.107,0.27,0.342,0.872,0.811,0.635,1.164,1.043,0.945,1.263,1.063,1.516,1.206,1.55,1.14,1.506,0.688,0.665,0.803,1.08,0.545,0.233,0.053,0.001,0.0,0.0,0.0,0.0,0.0,0.0,0.0
2019-03-02,0.0,0.0,0.0,0.0,0.0,0.0,0.0,0.0,0.0,0.0,0.0,0.0,0.0,0.0,0.0,0.0,0.194,0.23,0.502,0.604,1.222,0.642,0.965,1.172,1.906,1.385,2.168,1.691,2.306,1.585,1.738,1.544,1.685,1.013,0.975,0.538,0.676,0.247,0.298,0.098,0.006,0.0,0.0,0.0,0.0,0.0,0.0,0.0
2019-03-03,0.0,0.0,0.0,0.0,0.0,0.0,0.0,0.0,0.0,0.0,0.0,0.0,0.0,0.0,0.0,0.007,0.079,0.174,0.523,0.599,1.134,1.009,1.639,1.289,1.941,1.414,2.103,1.532,2.156,1.504,1.985,1.037,1.967,1.318,1.621,0.964,0.891,0.136,0.095,0.028,0.002,0.0,0.0,0.0,0.0,0.0,0.0,0.0
2019-03-04,0.0,0.0,0.0,0.0,0.0,0.0,0.0,0.0,0.0,0.0,0.0,0.0,0.0,0.0,0.0,0.01,0.138,0.261,0.638,0.419,1.216,1.08,1.379,1.372,1.988,1.589,2.316,1.684,2.382,1.742,1.314,0.674,1.561,1.412,1.588,0.897,0.716,0.262,0.12,0.025,0.0,0.0,0.0,0.0,0.0,0.0,0.0,0.0
2019-03-05,0.0,0.0,0.0,0.0,0.0,0.0,0.0,0.0,0.0,0.0,0.0,0.0,0.0,0.0,0.0,0.002,0.129,0.288,0.507,0.614,0.668,0.621,0.785,0.37,1.342,0.674,1.376,0.675,0.787,1.207,2.028,1.074,1.861,1.1,1.667,1.007,1.112,0.513,0.411,0.05,0.001,0.0,0.0,0.0,0.0,0.0,0.0,0.0
2019-03-06,0.0,0.0,0.0,0.0,0.0,0.0,0.0,0.0,0.0,0.0,0.0,0.0,0.0,0.0,0.0,0.0,0.065,0.172,0.529,0.617,1.183,1.055,1.715,1.36,2.055,1.535,2.226,1.62,2.275,1.6,2.174,1.5,1.972,1.29,1.602,0.968,1.059,0.524,0.385,0.041,0.001,0.0,0.0,0.0,0.0,0.0,0.0,0.0
2019-03-07,0.0,0.0,0.0,0.0,0.0,0.0,0.0,0.0,0.0,0.0,0.0,0.0,0.0,0.0,0.0,0.002,0.082,0.174,0.512,0.58,1.106,0.979,1.613,1.274,1.933,1.46,2.138,1.562,2.2,1.549,2.126,1.453,1.914,1.24,1.528,0.919,0.999,0.492,0.346,0.035,0.0,0.0,0.0,0.0,0.0,0.0,0.0,0.0
2019-03-08,0.0,0.0,0.0,0.0,0.0,0.0,0.0,0.0,0.0,0.0,0.0,0.0,0.0,0.0,0.0,0.0,0.079,0.172,0.509,0.578,1.097,0.98,1.625,1.302,1.953,1.472,2.137,1.557,2.181,1.544,2.107,1.439,1.855,1.212,1.512,0.912,1.005,0.494,0.345,0.03,0.0,0.0,0.0,0.0,0.0,0.0,0.0,0.0
2019-03-09,0.0,0.0,0.0,0.0,0.0,0.0,0.0,0.0,0.0,0.0,0.0,0.0,0.0,0.0,0.0,0.0,0.076,0.165,0.519,0.579,1.123,0.999,1.635,1.303,1.96,1.48,2.151,1.574,2.205,1.556,2.135,1.464,1.908,1.245,1.526,0.905,0.997,0.497,0.339,0.029,0.0,0.0,0.0,0.0,0.0,0.0,0.0,0.0
2019-03-10,0.0,0.0,0.0,0.0,0.0,0.0,0.0,0.0,0.0,0.0,0.0,0.0,0.0,0.0,0.0,0.0,0.047,0.163,0.493,0.573,1.105,0.99,1.603,1.28,1.908,1.446,2.078,1.503,2.117,1.494,2.016,1.37,1.79,1.164,1.432,0.851,0.909,0.427,0.268,0.022,0.0,0.0,0.0,0.0,0.0,0.0,0.0,0.0
2019-03-11,0.0,0.0,0.0,0.0,0.0,0.0,0.0,0.0,0.0,0.0,0.0,0.0,0.0,0.0,0.0,0.0,0.023,0.142,0.47,0.555,1.02,0.942,1.093,0.642,1.148,1.085,2.249,1.588,0.956,1.305,0.996,0.68,1.323,1.271,1.085,0.633,1.074,0.313,0.076,0.014,0.0,0.0,0.0,0.0,0.0,0.0,0.0,0.0
2019-03-12,0.0,0.0,0.0,0.0,0.0,0.0,0.0,0.0,0.0,0.0,0.0,0.0,0.0,0.0,0.0,0.0,0.029,0.093,0.134,0.188,0.47,0.351,0.604,0.376,0.517,0.749,1.573,0.637,1.007,0.87,1.218,0.721,0.76,1.324,1.495,0.887,0.98,0.511,0.196,0.017,0.0,0.0,0.0,0.0,0.0,0.0,0.0,0.0
2019-03-13,0.0,0.0,0.0,0.0,0.0,0.0,0.0,0.0,0.0,0.0,0.0,0.0,0.0,0.0,0.0,0.0,0.077,0.089,0.376,0.696,1.169,0.809,0.953,0.518,1.472,1.066,1.862,1.309,1.703,1.376,1.98,1.27,1.689,1.361,1.514,0.936,0.961,0.434,0.249,0.013,0.0,0.0,0.0,0.0,0.0,0.0,0.0,0.0
2019-03-14,0.0,0.0,0.0,0.0,0.0,0.0,0.0,0.0,0.0,0.0,0.0,0.0,0.0,0.0,0.0,0.0,0.042,0.123,0.286,0.289,0.638,0.823,1.204,0.834,1.515,1.445,1.961,1.543,1.852,1.538,2.115,1.36,1.351,0.608,1.076,0.538,0.986,0.363,0.177,0.028,0.0,0.0,0.0,0.0,0.0,0.0,0.0,0.0
2019-03-15,0.0,0.0,0.0,0.0,0.0,0.0,0.0,0.0,0.0,0.0,0.0,0.0,0.0,0.0,0.0,0.0,0.155,0.167,0.341,0.522,0.69,0.665,0.609,0.438,0.623,0.423,0.621,0.487,1.121,0.96,1.452,0.702,0.998,1.223,1.651,0.613,0.387,0.121,0.073,0.003,0.0,0.0,0.0,0.0,0.0,0.0,0.0,0.0
2019-03-16,0.0,0.0,0.0,0.0,0.0,0.0,0.0,0.0,0.0,0.0,0.0,0.0,0.0,0.0,0.0,0.0,0.023,0.087,0.186,0.301,0.523,0.349,0.498,0.815,1.693,0.637,1.878,1.326,1.994,1.544,2.113,1.543,1.834,1.095,0.967,0.217,0.252,0.118,0.026,0.0,0.0,0.0,0.0,0.0,0.0,0.0,0.0,0.0
2019-03-17,0.0,0.0,0.0,0.0,0.0,0.0,0.0,0.0,0.0,0.0,0.0,0.0,0.0,0.0,0.0,0.0,0.071,0.15,0.436,0.518,1.014,0.877,1.28,1.273,1.896,0.986,1.769,1.41,1.926,1.576,1.931,0.874,1.316,0.666,0.577,0.173,0.08,0.032,0.013,0.0,0.0,0.0,0.0,0.0,0.0,0.0,0.0,0.0
2019-03-18,0.0,0.0,0.0,0.0,0.0,0.0,0.0,0.0,0.0,0.0,0.0,0.0,0.0,0.0,0.0,0.0,0.0,0.0,0.032,0.04,0.05,0.063,0.498,1.21,1.751,1.143,2.108,1.71,2.34,1.634,2.262,1.549,2.017,1.303,1.566,0.908,0.934,0.408,0.2,0.004,0.0,0.0,0.0,0.0,0.0,0.0,0.0,0.0
2019-03-19,0.0,0.0,0.0,0.0,0.0,0.0,0.0,0.0,0.0,0.0,0.0,0.0,0.0,0.0,0.0,0.0,0.005,0.066,0.158,0.187,0.429,0.35,0.662,0.871,1.19,0.52,1.836,1.461,2.137,1.574,1.818,0.932,1.616,0.423,0.426,0.088,0.133,0.065,0.035,0.0,0.0,0.0,0.0,0.0,0.0,0.0,0.0,0.0
2019-03-20,0.0,0.0,0.0,0.0,0.0,0.0,0.0,0.0,0.0,0.0,0.0,0.0,0.0,0.0,0.0,0.0,0.038,0.094,0.282,0.359,0.755,0.492,0.668,0.735,1.021,0.573,0.518,0.482,0.957,0.921,1.207,0.706,0.947,0.468,0.481,0.272,0.521,0.21,0.047,0.001,0.0,0.0,0.0,0.0,0.0,0.0,0.0,0.0
2019-03-21,0.0,0.0,0.0,0.0,0.0,0.0,0.0,0.0,0.0,0.0,0.0,0.0,0.0,0.0,0.0,0.0,0.027,0.152,0.372,0.369,0.675,0.96,1.612,0.997,1.95,1.377,2.202,1.605,2.255,1.584,2.153,1.461,1.897,1.216,1.47,0.846,0.859,0.358,0.147,0.001,0.0,0.0,0.0,0.0,0.0,0.0,0.0,0.0
2019-03-22,0.0,0.0,0.0,0.0,0.0,0.0,0.0,0.0,0.0,0.0,0.0,0.0,0.0,0.0,0.0,0.0,0.023,0.134,0.45,0.549,1.025,0.958,1.584,1.273,1.93,1.452,2.086,1.517,2.121,1.492,2.02,1.373,1.79,1.158,1.393,0.807,0.825,0.347,0.139,0.001,0.0,0.0,0.0,0.0,0.0,0.0,0.0,0.0
2019-03-23,0.0,0.0,0.0,0.0,0.0,0.0,0.0,0.0,0.0,0.0,0.0,0.0,0.0,0.0,0.0,0.0,0.0,0.082,0.452,0.539,1.036,0.924,1.551,1.253,1.892,1.425,2.081,1.51,2.115,1.503,2.057,1.14,1.318,1.17,1.407,0.809,0.572,0.336,0.132,0.0,0.0,0.0,0.0,0.0,0.0,0.0,0.0,0.0
2019-03-24,0.0,0.0,0.0,0.0,0.0,0.0,0.0,0.0,0.0,0.0,0.0,0.0,0.0,0.0,0.0,0.0,0.0,0.01,0.138,0.225,0.071,0.027,0.0,0.0,0.066,0.086,0.261,0.172,0.609,0.708,1.076,0.813,1.364,0.637,0.794,0.271,0.275,0.046,0.008,0.0,0.0,0.0,0.0,0.0,0.0,0.0,0.0,0.0
2019-03-25,0.0,0.0,0.0,0.0,0.0,0.0,0.0,0.0,0.0,0.0,0.0,0.0,0.0,0.0,0.0,0.0,0.0,0.0,0.0,0.0,0.802,0.986,1.632,1.32,1.684,0.3,1.631,1.568,2.299,1.609,2.164,1.365,1.446,0.994,1.014,0.309,0.54,0.068,0.015,0.0,0.0,0.0,0.0,0.0,0.0,0.0,0.0,0.0
2019-03-26,0.0,0.0,0.0,0.0,0.0,0.0,0.0,0.0,0.0,0.0,0.0,0.0,0.0,0.0,0.0,0.0,0.034,0.201,0.471,0.471,0.923,0.912,0.774,0.561,0.856,0.477,1.168,1.318,1.951,1.054,1.525,1.212,1.508,1.01,1.348,0.748,0.715,0.286,0.086,0.0,0.0,0.0,0.0,0.0,0.0,0.0,0.0,0.0
2019-03-27,0.0,0.0,0.0,0.0,0.0,0.0,0.0,0.0,0.0,0.0,0.0,0.0,0.0,0.0,0.0,0.0,0.022,0.06,0.216,0.446,1.003,0.916,1.533,1.234,1.877,0.986,0.506,0.148,0.237,0.036,0.059,0.079,0.041,0.035,0.623,0.876,0.868,0.247,0.094,0.0,0.0,0.0,0.0,0.0,0.0,0.0,0.0,0.0
2019-03-28,0.0,0.0,0.0,0.0,0.0,0.0,0.0,0.0,0.0,0.0,0.0,0.0,0.0,0.0,0.0,0.0,0.029,0.129,0.433,0.532,1.064,0.975,1.624,1.305,1.979,1.498,2.143,1.548,2.165,1.518,2.049,1.381,1.78,1.134,1.355,0.777,0.761,0.28,0.074,0.0,0.0,0.0,0.0,0.0,0.0,0.0,0.0,0.0
2019-03-29,0.0,0.0,0.0,0.0,0.0,0.0,0.0,0.0,0.0,0.0,0.0,0.0,0.0,0.0,0.0,0.0,0.0,0.078,0.247,0.517,1.044,0.95,1.604,1.301,1.831,1.472,1.98,1.457,1.781,0.858,1.145,0.85,1.154,0.473,0.294,0.121,0.059,0.032,0.008,0.0,0.0,0.0,0.0,0.0,0.0,0.0,0.0,0.0
2019-03-30,0.0,0.0,0.0,0.0,0.0,0.0,0.0,0.0,0.0,0.0,0.0,0.0,0.0,0.0,0.0,0.076,0.222,0.244,0.422,0.379,0.607,0.729,0.929,0.601,1.158,1.174,1.534,1.334,1.892,1.285,1.812,1.153,1.37,0.774,0.741,0.236,0.034,0.0,0.0,0.0,0.0,0.0,0.0,0.0,0.0,0.0,0.0,0.0
2019-03-31,0.0,0.0,0.0,0.0,0.0,0.0,0.0,0.0,0.0,0.0,0.0,0.0,0.0,0.0,0.0,0.076,0.222,0.244,0.422,0.379,0.607,0.729,0.929,0.601,1.158,1.174,1.534,1.334,1.892,1.285,1.812,1.153,1.37,0.774,0.741,0.236,0.034,0.0,0.0,0.0,0.0,0.0,0.0,0.0,0.0,0.0,0.0,0.0
2019-04-01,0.0,0.0,0.0,0.0,0.0,0.0,0.0,0.0,0.0,0.0,0.0,0.0,0.0,0.0,0.0,0.076,0.222,0.244,0.422,0.379,0.607,0.729,0.929,0.601,1.158,1.174,1.534,1.334,1.892,1.285,1.812,1.153,1.37,0.774,0.741,0.236,0.034,0.0,0.0,0.0,0.0,0.0,0.0,0.0,0.0,0.0,0.0,0.0
2019-04-02,0.0,0.0,0.0,0.0,0.0,0.0,0.0,0.0,0.0,0.0,0.0,0.0,0.0,0.0,0.0,0.076,0.222,0.244,0.422,0.379,0.607,0.729,0.929,0.601,1.158,1.174,1.534,1.334,1.892,1.285,1.812,1.153,1.37,0.774,0.741,0.236,0.034,0.0,0.0,0.0,0.0,0.0,0.0,0.0,0.0,0.0,0.0,0.0
2019-04-03,0.0,0.0,0.0,0.0,0.0,0.0,0.0,0.0,0.0,0.0,0.0,0.0,0.0,0.0,0.0,0.076,0.222,0.244,0.422,0.379,0.607,0.729,0.929,0.601,1.158,1.174,1.534,1.334,1.892,1.285,1.812,1.153,1.37,0.774,0.741,0.236,0.034,0.0,0.0,0.0,0.0,0.0,0.0,0.0,0.0,0.0,0.0,0.0
2019-04-04,0.0,0.0,0.0,0.0,0.0,0.0,0.0,0.0,0.0,0.0,0.0,0.0,0.0,0.0,0.021,0.098,0.313,0.291,0.885,0.945,1.559,1.251,1.9,1.432,2.067,1.529,2.157,1.51,2.05,1.384,1.777,1.12,1.312,0.734,0.693,0.229,0.031,0.0,0.0,0.0,0.0,0.0,0.0,0.0,0.0,0.0,0.0,0.0
2019-04-05,0.0,0.0,0.0,0.0,0.0,0.0,0.0,0.0,0.0,0.0,0.0,0.0,0.0,0.0,0.0,0.0,0.069,0.121,0.192,0.168,0.382,0.389,0.581,0.528,0.508,0.35,0.566,0.745,0.813,0.398,0.539,0.883,0.957,0.344,0.456,0.156,0.027,0.0,0.0,0.0,0.0,0.0,0.0,0.0,0.0,0.0,0.0,0.0
2019-04-06,0.0,0.0,0.0,0.0,0.0,0.0,0.0,0.0,0.0,0.0,0.0,0.0,0.0,0.0,0.0,0.0,0.151,0.398,0.66,0.517,0.887,1.002,1.894,1.454,2.106,1.426,2.024,1.493,2.005,1.33,1.605,0.592,0.55,0.214,0.176,0.045,0.007,0.0,0.0,0.0,0.0,0.0,0.0,0.0,0.0,0.0,0.0,0.0
2019-04-07,0.0,0.0,0.0,0.0,0.0,0.0,0.0,0.0,0.0,0.0,0.0,0.0,0.0,0.0,0.025,0.086,0.397,0.511,1.023,0.932,1.532,1.247,1.908,1.393,2.084,1.514,2.106,1.475,1.983,1.339,1.676,1.045,1.279,0.574,0.372,0.238,0.022,0.0,0.0,0.0,0.0,0.0,0.0,0.0,0.0,0.0,0.0,0.0
2019-04-08,0.0,0.0,0.0,0.0,0.0,0.0,0.0,0.0,0.0,0.0,0.0,0.0,0.0,0.0,0.023,0.14,0.439,0.433,0.716,0.891,1.394,1.142,1.738,1.312,1.723,1.249,2.109,1.458,1.655,0.47,0.803,0.799,0.683,0.205,0.116,0.014,0.0,0.0,0.0,0.0,0.0,0.0,0.0,0.0,0.0,0.0,0.0,0.0
2019-04-09,0.0,0.0,0.0,0.0,0.0,0.0,0.0,0.0,0.0,0.0,0.0,0.0,0.0,0.0,0.0,0.019,0.165,0.286,0.466,0.549,1.605,1.193,1.79,1.444,2.063,1.51,1.891,1.317,1.971,1.33,1.438,1.017,1.237,0.67,0.535,0.094,0.007,0.0,0.0,0.0,0.0,0.0,0.0,0.0,0.0,0.0,0.0,0.0
2019-04-10,0.0,0.0,0.0,0.0,0.0,0.0,0.0,0.0,0.0,0.0,0.0,0.0,0.0,0.0,0.0,0.036,0.24,0.521,0.249,0.053,0.379,0.37,0.584,0.308,1.219,1.257,1.026,0.501,0.538,0.101,0.11,0.127,0.134,0.087,0.098,0.014,0.0,0.0,0.0,0.0,0.0,0.0,0.0,0.0,0.0,0.0,0.0,0.0
2019-04-11,0.0,0.0,0.0,0.0,0.0,0.0,0.0,0.0,0.0,0.0,0.0,0.0,0.0,0.0,0.0,0.001,0.153,0.266,0.4,0.383,0.822,1.07,1.743,1.339,1.527,0.979,1.073,1.074,1.607,1.264,1.591,0.983,1.119,0.576,0.445,0.067,0.002,0.0,0.0,0.0,0.0,0.0,0.0,0.0,0.0,0.0,0.0,0.0
2019-04-12,0.0,0.0,0.0,0.0,0.0,0.0,0.0,0.0,0.0,0.0,0.0,0.0,0.0,0.0,0.0,0.08,0.119,0.362,0.134,0.106,0.144,0.149,0.251,0.082,0.323,0.49,0.939,0.977,1.212,1.296,1.501,0.945,1.2,0.65,0.559,0.092,0.004,0.0,0.0,0.0,0.0,0.0,0.0,0.0,0.0,0.0,0.0,0.0
2019-04-13,0.0,0.0,0.0,0.0,0.0,0.0,0.0,0.0,0.0,0.0,0.0,0.0,0.0,0.0,0.0,0.097,0.341,0.462,0.962,0.89,1.486,1.207,1.848,1.374,1.936,1.458,2.087,1.46,1.956,1.321,1.621,0.676,0.677,0.407,0.206,0.057,0.003,0.0,0.0,0.0,0.0,0.0,0.0,0.0,0.0,0.0,0.0,0.0
2019-04-14,0.0,0.0,0.0,0.0,0.0,0.0,0.0,0.0,0.0,0.0,0.0,0.0,0.0,0.0,0.0,0.0,0.076,0.093,0.273,0.326,0.493,0.244,0.271,0.177,0.166,0.109,0.206,0.057,0.589,0.7,0.927,0.362,0.611,0.302,0.153,0.022,0.002,0.0,0.0,0.0,0.0,0.0,0.0,0.0,0.0,0.0,0.0,0.0
2019-04-15,0.0,0.0,0.0,0.0,0.0,0.0,0.0,0.0,0.0,0.0,0.0,0.0,0.0,0.0,0.0,0.0,0.049,0.068,0.102,0.104,0.195,0.233,0.349,0.317,0.331,0.332,0.454,0.249,0.372,0.401,0.393,0.148,0.149,0.094,0.044,0.017,0.0,0.0,0.0,0.0,0.0,0.0,0.0,0.0,0.0,0.0,0.0,0.0
2019-04-16,0.0,0.0,0.0,0.0,0.0,0.0,0.0,0.0,0.0,0.0,0.0,0.0,0.0,0.0,0.0,0.002,0.135,0.168,0.383,0.373,1.333,1.094,1.785,0.659,0.54,1.149,0.517,0.875,0.455,0.354,0.608,0.228,0.402,0.157,0.059,0.003,0.0,0.0,0.0,0.0,0.0,0.0,0.0,0.0,0.0,0.0,0.0,0.0
2019-04-17,0.0,0.0,0.0,0.0,0.0,0.0,0.0,0.0,0.0,0.0,0.0,0.0,0.0,0.0,0.0,0.055,0.165,0.218,0.389,0.386,0.66,0.681,0.864,0.608,0.92,0.59,0.747,0.371,0.56,0.385,0.84,0.96,1.255,0.229,0.093,0.025,0.0,0.0,0.0,0.0,0.0,0.0,0.0,0.0,0.0,0.0,0.0,0.0
2019-04-18,0.0,0.0,0.0,0.0,0.0,0.0,0.0,0.0,0.0,0.0,0.0,0.0,0.0,0.0,0.0,0.08,0.324,0.472,0.974,0.839,1.43,1.181,1.822,1.375,1.965,1.435,1.992,1.393,1.833,1.23,1.51,0.996,1.032,0.418,0.382,0.049,0.001,0.0,0.0,0.0,0.0,0.0,0.0,0.0,0.0,0.0,0.0,0.0
2019-04-19,0.0,0.0,0.0,0.0,0.0,0.0,0.0,0.0,0.0,0.0,0.0,0.0,0.0,0.0,0.0,0.071,0.295,0.261,0.709,0.407,0.933,0.828,1.393,1.292,1.916,1.245,1.943,0.975,1.789,1.165,1.556,0.958,1.092,0.557,0.398,0.023,0.0,0.0,0.0,0.0,0.0,0.0,0.0,0.0,0.0,0.0,0.0,0.0
2019-04-20,0.0,0.0,0.0,0.0,0.0,0.0,0.0,0.0,0.0,0.0,0.0,0.0,0.0,0.0,0.0,0.05,0.174,0.273,0.37,0.354,0.676,0.919,1.666,1.329,1.94,1.401,1.954,1.362,1.829,1.224,1.528,0.953,1.111,0.594,0.403,0.021,0.0,0.0,0.0,0.0,0.0,0.0,0.0,0.0,0.0,0.0,0.0,0.0
2019-04-21,0.0,0.0,0.0,0.0,0.0,0.0,0.0,0.0,0.0,0.0,0.0,0.0,0.0,0.0,0.0,0.0,0.01,0.052,0.146,0.098,0.258,0.495,1.695,1.369,1.975,1.423,1.983,1.375,1.834,1.285,0.602,0.503,0.232,0.113,0.138,0.02,0.0,0.0,0.0,0.0,0.0,0.0,0.0,0.0,0.0,0.0,0.0,0.0
2019-04-22,0.0,0.0,0.0,0.0,0.0,0.0,0.0,0.0,0.0,0.0,0.0,0.0,0.0,0.0,0.0,0.0,0.146,0.142,0.338,0.305,0.541,0.652,1.701,1.371,1.919,1.393,1.963,1.37,1.826,1.219,1.546,0.955,1.083,0.553,0.34,0.016,0.0,0.0,0.0,0.0,0.0,0.0,0.0,0.0,0.0,0.0,0.0,0.0
2019-04-23,0.0,0.0,0.0,0.0,0.0,0.0,0.0,0.0,0.0,0.0,0.0,0.0,0.0,0.0,0.0,0.0,0.046,0.102,0.219,0.187,0.339,0.341,0.898,1.243,1.878,1.342,1.818,1.068,1.613,1.112,1.35,0.811,0.696,0.336,0.248,0.008,0.0,0.0,0.0,0.0,0.0,0.0,0.0,0.0,0.0,0.0,0.0,0.0
2019-04-24,0.0,0.0,0.0,0.0,0.0,0.0,0.0,0.0,0.0,0.0,0.0,0.0,0.0,0.0,0.0,0.0,0.116,0.237,0.466,0.648,0.852,0.777,0.488,0.163,0.153,0.208,0.432,0.264,0.152,0.246,0.203,0.111,0.081,0.037,0.019,0.001,0.0,0.0,0.0,0.0,0.0,0.0,0.0,0.0,0.0,0.0,0.0,0.0
2019-04-25,0.0,0.0,0.0,0.0,0.0,0.0,0.0,0.0,0.0,0.0,0.0,0.0,0.0,0.0,0.0,0.0,0.027,0.065,0.092,0.111,0.192,0.145,0.276,0.264,0.453,0.636,1.638,1.162,1.812,1.19,1.493,0.925,0.871,0.457,0.255,0.005,0.0,0.0,0.0,0.0,0.0,0.0,0.0,0.0,0.0,0.0,0.0,0.0
2019-04-26,0.0,0.0,0.0,0.0,0.0,0.0,0.0,0.0,0.0,0.0,0.0,0.0,0.0,0.0,0.0,0.003,0.136,0.18,0.358,0.365,0.694,1.118,1.627,1.37,1.39,0.502,1.045,1.02,1.462,0.946,0.453,0.135,0.115,0.049,0.023,0.0,0.0,0.0,0.0,0.0,0.0,0.0,0.0,0.0,0.0,0.0,0.0,0.0
2019-04-27,0.0,0.0,0.0,0.0,0.0,0.0,0.0,0.0,0.0,0.0,0.0,0.0,0.0,0.0,0.0,0.024,0.221,0.242,0.37,0.706,1.337,0.592,0.392,0.52,0.583,0.406,0.945,0.362,0.605,0.425,0.917,0.312,0.893,0.409,0.244,0.009,0.0,0.0,0.0,0.0,0.0,0.0,0.0,0.0,0.0,0.0,0.0,0.0
2019-04-28,0.0,0.0,0.0,0.0,0.0,0.0,0.0,0.0,0.0,0.0,0.0,0.0,0.0,0.0,0.0,0.029,0.231,0.416,0.901,0.767,1.028,0.774,1.731,1.316,1.898,1.359,1.903,1.334,1.788,1.2,1.527,0.915,0.819,0.495,0.232,0.005,0.0,0.0,0.0,0.0,0.0,0.0,0.0,0.0,0.0,0.0,0.0,0.0
2019-04-29,0.0,0.0,0.0,0.0,0.0,0.0,0.0,0.0,0.0,0.0,0.0,0.0,0.0,0.0,0.0,0.027,0.175,0.144,0.238,0.265,0.498,0.945,0.358,0.471,1.36,0.923,0.489,0.169,1.849,1.264,1.54,0.94,0.693,0.531,0.348,0.011,0.0,0.0,0.0,0.0,0.0,0.0,0.0,0.0,0.0,0.0,0.0,0.0
2019-04-30,0.0,0.0,0.0,0.0,0.0,0.0,0.0,0.0,0.0,0.0,0.0,0.0,0.0,0.0,0.0,0.055,0.272,0.24,0.609,0.48,1.389,1.088,1.734,1.331,1.936,1.4,1.95,1.357,1.81,1.207,1.514,0.928,1.041,0.519,0.262,0.003,0.0,0.0,0.0,0.0,0.0,0.0,0.0,0.0,0.0,0.0,0.0,0.0
2019-05-01,0.0,0.0,0.0,0.0,0.0,0.0,0.0,0.0,0.0,0.0,0.0,0.0,0.0,0.0,0.0,0.041,0.212,0.349,0.747,0.704,0.443,1.004,1.603,1.224,1.812,1.303,1.806,1.213,1.592,0.926,1.423,0.751,0.806,0.181,0.057,0.0,0.0,0.0,0.0,0.0,0.0,0.0,0.0,0.0,0.0,0.0,0.0,0.0
2019-05-02,0.0,0.0,0.0,0.0,0.0,0.0,0.0,0.0,0.0,0.0,0.0,0.0,0.0,0.0,0.0,0.008,0.133,0.148,0.372,0.338,0.873,0.446,0.593,0.614,1.083,0.635,0.678,0.53,0.909,0.442,0.512,0.237,0.457,0.272,0.092,0.0,0.0,0.0,0.0,0.0,0.0,0.0,0.0,0.0,0.0,0.0,0.0,0.0
2019-05-03,0.0,0.0,0.0,0.0,0.0,0.0,0.0,0.0,0.0,0.0,0.0,0.0,0.0,0.0,0.0,0.021,0.194,0.381,0.753,0.72,0.743,0.55,0.451,0.223,0.28,0.131,0.326,0.214,0.282,0.179,0.195,0.074,0.058,0.022,0.013,0.0,0.0,0.0,0.0,0.0,0.0,0.0,0.0,0.0,0.0,0.0,0.0,0.0
2019-05-04,0.0,0.0,0.0,0.0,0.0,0.0,0.0,0.0,0.0,0.0,0.0,0.0,0.0,0.0,0.0,0.0,0.006,0.012,0.154,0.274,1.102,1.013,0.385,0.362,1.062,0.543,1.304,0.414,0.39,0.852,0.678,0.23,0.698,0.352,0.058,0.0,0.0,0.0,0.0,0.0,0.0,0.0,0.0,0.0,0.0,0.0,0.0,0.0
2019-05-05,0.0,0.0,0.0,0.0,0.0,0.0,0.0,0.0,0.0,0.0,0.0,0.0,0.0,0.0,0.0,0.0,0.184,0.214,0.671,0.349,0.693,0.793,0.351,0.312,0.982,0.326,0.274,0.413,1.435,1.002,1.181,0.135,0.549,0.042,0.064,0.003,0.0,0.0,0.0,0.0,0.0,0.0,0.0,0.0,0.0,0.0,0.0,0.0
2019-05-06,0.0,0.0,0.0,0.0,0.0,0.0,0.0,0.0,0.0,0.0,0.0,0.0,0.0,0.0,0.0,0.006,0.107,0.063,0.34,0.771,1.337,1.061,1.614,1.266,1.782,1.366,1.947,1.279,1.235,0.905,0.684,0.304,0.185,0.101,0.094,0.0,0.0,0.0,0.0,0.0,0.0,0.0,0.0,0.0,0.0,0.0,0.0,0.0
2019-05-07,0.0,0.0,0.0,0.0,0.0,0.0,0.0,0.0,0.0,0.0,0.0,0.0,0.0,0.0,0.0,0.018,0.135,0.163,0.808,0.831,0.746,0.69,1.134,0.744,0.947,0.623,0.616,0.277,0.39,0.279,0.28,0.172,0.196,0.086,0.017,0.0,0.0,0.0,0.0,0.0,0.0,0.0,0.0,0.0,0.0,0.0,0.0,0.0
2019-05-08,0.0,0.0,0.0,0.0,0.0,0.0,0.0,0.0,0.0,0.0,0.0,0.0,0.0,0.0,0.0,0.0,0.147,0.29,0.508,0.689,1.134,0.811,1.698,1.299,1.877,1.212,1.485,1.328,1.7,1.112,1.368,0.811,0.853,0.36,0.092,0.0,0.0,0.0,0.0,0.0,0.0,0.0,0.0,0.0,0.0,0.0,0.0,0.0
2019-05-09,0.0,0.0,0.0,0.0,0.0,0.0,0.0,0.0,0.0,0.0,0.0,0.0,0.0,0.0,0.0,0.0,0.109,0.145,0.303,0.528,0.831,0.375,0.518,0.318,0.336,0.288,0.486,0.416,0.322,0.163,0.828,0.572,0.272,0.18,0.05,0.0,0.0,0.0,0.0,0.0,0.0,0.0,0.0,0.0,0.0,0.0,0.0,0.0
2019-05-10,0.0,0.0,0.0,0.0,0.0,0.0,0.0,0.0,0.0,0.0,0.0,0.0,0.0,0.0,0.0,0.017,0.175,0.37,0.847,0.669,1.389,1.087,1.037,0.787,1.073,0.373,0.898,0.655,0.885,0.312,0.897,0.205,0.115,0.124,0.027,0.0,0.0,0.0,0.0,0.0,0.0,0.0,0.0,0.0,0.0,0.0,0.0,0.0
2019-05-11,0.0,0.0,0.0,0.0,0.0,0.0,0.0,0.0,0.0,0.0,0.0,0.0,0.0,0.0,0.0,0.006,0.109,0.125,0.2,0.087,0.232,0.207,0.161,0.086,0.174,0.156,0.171,0.112,0.163,0.083,0.107,0.035,0.044,0.004,0.0,0.0,0.0,0.0,0.0,0.0,0.0,0.0,0.0,0.0,0.0,0.0,0.0,0.0
2019-05-12,0.0,0.0,0.0,0.0,0.0,0.0,0.0,0.0,0.0,0.0,0.0,0.0,0.0,0.0,0.0,0.01,0.173,0.336,0.784,0.76,1.311,1.056,1.653,1.134,1.625,0.743,0.734,0.767,1.127,0.494,0.591,0.314,0.152,0.062,0.003,0.0,0.0,0.0,0.0,0.0,0.0,0.0,0.0,0.0,0.0,0.0,0.0,0.0
2019-05-13,0.0,0.0,0.0,0.0,0.0,0.0,0.0,0.0,0.0,0.0,0.0,0.0,0.0,0.0,0.0,0.0,0.062,0.082,0.664,0.765,0.985,0.511,0.765,1.151,1.573,1.257,0.815,0.669,1.811,1.199,1.247,0.715,0.217,0.2,0.015,0.0,0.0,0.0,0.0,0.0,0.0,0.0,0.0,0.0,0.0,0.0,0.0,0.0
2019-05-14,0.0,0.0,0.0,0.0,0.0,0.0,0.0,0.0,0.0,0.0,0.0,0.0,0.0,0.0,0.0,0.009,0.1,0.136,0.201,0.368,0.547,0.54,1.294,1.087,1.808,1.351,1.888,1.294,1.719,1.121,1.406,0.836,0.854,0.343,0.039,0.0,0.0,0.0,0.0,0.0,0.0,0.0,0.0,0.0,0.0,0.0,0.0,0.0
2019-05-15,0.0,0.0,0.0,0.0,0.0,0.0,0.0,0.0,0.0,0.0,0.0,0.0,0.0,0.0,0.0,0.0,0.0,0.058,0.257,0.278,0.428,0.194,0.266,0.135,0.414,0.345,0.354,0.283,1.432,0.341,1.069,0.239,0.265,0.285,0.032,0.0,0.0,0.0,0.0,0.0,0.0,0.0,0.0,0.0,0.0,0.0,0.0,0.0
2019-05-16,0.0,0.0,0.0,0.0,0.0,0.0,0.0,0.0,0.0,0.0,0.0,0.0,0.0,0.0,0.0,0.0,0.073,0.096,0.259,0.245,0.405,0.436,0.849,0.503,0.485,0.534,1.032,0.946,1.0,0.745,0.288,0.146,0.101,0.075,0.013,0.0,0.0,0.0,0.0,0.0,0.0,0.0,0.0,0.0,0.0,0.0,0.0,0.0
2019-05-17,0.0,0.0,0.0,0.0,0.0,0.0,0.0,0.0,0.0,0.0,0.0,0.0,0.0,0.0,0.0,0.0,0.0,0.12,0.247,0.495,1.015,0.984,0.837,0.534,0.975,1.233,1.063,0.293,0.397,0.226,0.172,0.076,0.017,0.003,0.0,0.0,0.0,0.0,0.0,0.0,0.0,0.0,0.0,0.0,0.0,0.0,0.0,0.0
2019-05-18,0.0,0.0,0.0,0.0,0.0,0.0,0.0,0.0,0.0,0.0,0.0,0.0,0.0,0.0,0.0,0.0,0.005,0.08,0.258,0.202,0.548,0.604,1.321,1.271,1.04,0.376,0.933,0.959,1.344,0.924,0.262,0.062,0.064,0.055,0.003,0.0,0.0,0.0,0.0,0.0,0.0,0.0,0.0,0.0,0.0,0.0,0.0,0.0
2019-05-19,0.0,0.0,0.0,0.0,0.0,0.0,0.0,0.0,0.0,0.0,0.0,0.0,0.0,0.0,0.0,0.0,0.021,0.089,0.203,0.273,0.452,0.291,0.532,0.424,0.721,0.574,0.745,0.693,1.176,0.783,0.96,0.31,0.284,0.067,0.017,0.0,0.0,0.0,0.0,0.0,0.0,0.0,0.0,0.0,0.0,0.0,0.0,0.0
2019-05-20,0.0,0.0,0.0,0.0,0.0,0.0,0.0,0.0,0.0,0.0,0.0,0.0,0.0,0.0,0.0,0.0,0.0,0.103,0.276,0.108,0.131,0.084,0.121,0.137,0.219,0.123,0.149,0.103,0.115,0.072,0.121,0.039,0.0,0.0,0.0,0.0,0.0,0.0,0.0,0.0,0.0,0.0,0.0,0.0,0.0,0.0,0.0,0.0
2019-05-21,0.0,0.0,0.0,0.0,0.0,0.0,0.0,0.0,0.0,0.0,0.0,0.0,0.0,0.0,0.0,0.0,0.028,0.11,0.246,0.256,0.787,0.466,0.798,0.761,1.423,0.908,0.655,0.386,0.558,0.585,0.885,0.272,0.081,0.034,0.019,0.0,0.0,0.0,0.0,0.0,0.0,0.0,0.0,0.0,0.0,0.0,0.0,0.0
2019-05-22,0.0,0.0,0.0,0.0,0.0,0.0,0.0,0.0,0.0,0.0,0.0,0.0,0.0,0.0,0.0,0.0,0.0,0.108,0.252,0.244,0.278,0.211,0.405,0.224,0.357,0.211,0.325,0.198,0.188,0.113,0.103,0.071,0.047,0.023,0.003,0.0,0.0,0.0,0.0,0.0,0.0,0.0,0.0,0.0,0.0,0.0,0.0,0.0
2019-05-23,0.0,0.0,0.0,0.0,0.0,0.0,0.0,0.0,0.0,0.0,0.0,0.0,0.0,0.0,0.0,0.0,0.006,0.117,0.3,0.251,0.481,0.409,0.613,0.48,0.836,0.486,0.45,0.211,0.204,0.129,0.105,0.054,0.044,0.012,0.0,0.0,0.0,0.0,0.0,0.0,0.0,0.0,0.0,0.0,0.0,0.0,0.0,0.0
2019-05-24,0.0,0.0,0.0,0.0,0.0,0.0,0.0,0.0,0.0,0.0,0.0,0.0,0.0,0.0,0.0,0.0,0.0,0.0,0.018,0.087,0.158,0.177,0.426,0.591,0.7,0.353,0.318,0.229,0.481,0.576,0.573,0.076,0.024,0.011,0.0,0.0,0.0,0.0,0.0,0.0,0.0,0.0,0.0,0.0,0.0,0.0,0.0,0.0
2019-05-25,0.0,0.0,0.0,0.0,0.0,0.0,0.0,0.0,0.0,0.0,0.0,0.0,0.0,0.0,0.0,0.0,0.051,0.132,0.305,0.344,0.631,0.452,1.084,0.663,1.353,1.271,1.747,1.212,1.6,1.043,1.278,0.744,0.739,0.237,0.027,0.0,0.0,0.0,0.0,0.0,0.0,0.0,0.0,0.0,0.0,0.0,0.0,0.0
2019-05-26,0.0,0.0,0.0,0.0,0.0,0.0,0.0,0.0,0.0,0.0,0.0,0.0,0.0,0.0,0.0,0.0,0.118,0.268,0.682,0.683,1.198,0.989,1.529,1.162,1.7,1.24,1.694,1.196,1.614,1.053,1.275,0.514,0.347,0.283,0.02,0.0,0.0,0.0,0.0,0.0,0.0,0.0,0.0,0.0,0.0,0.0,0.0,0.0
2019-05-27,0.0,0.0,0.0,0.0,0.0,0.0,0.0,0.0,0.0,0.0,0.0,0.0,0.0,0.0,0.0,0.0,0.133,0.293,0.704,0.667,1.11,0.793,1.08,1.169,1.377,0.698,0.678,0.34,0.553,0.314,0.271,0.155,0.324,0.193,0.015,0.0,0.0,0.0,0.0,0.0,0.0,0.0,0.0,0.0,0.0,0.0,0.0,0.0
2019-05-28,0.0,0.0,0.0,0.0,0.0,0.0,0.0,0.0,0.0,0.0,0.0,0.0,0.0,0.0,0.0,0.0,0.0,0.074,0.243,0.224,0.313,0.202,0.427,0.286,0.742,0.659,0.73,0.336,0.35,0.44,0.314,0.196,0.513,0.169,0.017,0.0,0.0,0.0,0.0,0.0,0.0,0.0,0.0,0.0,0.0,0.0,0.0,0.0
2019-05-29,0.0,0.0,0.0,0.0,0.0,0.0,0.0,0.0,0.0,0.0,0.0,0.0,0.0,0.0,0.0,0.0,0.084,0.092,0.293,0.641,1.196,0.997,1.042,0.839,1.177,0.734,0.986,0.487,0.862,0.59,0.493,0.343,0.442,0.163,0.016,0.0,0.0,0.0,0.0,0.0,0.0,0.0,0.0,0.0,0.0,0.0,0.0,0.0
2019-05-30,0.0,0.0,0.0,0.0,0.0,0.0,0.0,0.0,0.0,0.0,0.0,0.0,0.0,0.0,0.0,0.0,0.046,0.137,0.234,0.686,1.216,0.876,1.645,1.014,1.709,0.77,1.125,0.343,0.788,0.599,0.246,0.099,0.055,0.005,0.0,0.0,0.0,0.0,0.0,0.0,0.0,0.0,0.0,0.0,0.0,0.0,0.0,0.0
2019-05-31,0.0,0.0,0.0,0.0,0.0,0.0,0.0,0.0,0.0,0.0,0.0,0.0,0.0,0.0,0.0,0.0,0.013,0.11,0.639,0.639,0.836,0.887,1.509,0.963,1.502,1.092,0.833,0.822,1.283,0.37,1.065,0.742,0.382,0.203,0.021,0.0,0.0,0.0,0.0,0.0,0.0,0.0,0.0,0.0,0.0,0.0,0.0,0.0
2019-06-01,0.0,0.0,0.0,0.0,0.0,0.0,0.0,0.0,0.0,0.0,0.0,0.0,0.0,0.0,0.0,0.0,0.087,0.271,0.675,0.656,0.7,0.961,1.509,1.166,1.692,1.231,1.708,1.177,1.549,1.037,1.257,0.732,0.707,0.154,0.019,0.0,0.0,0.0,0.0,0.0,0.0,0.0,0.0,0.0,0.0,0.0,0.0,0.0
2019-06-02,0.0,0.0,0.0,0.0,0.0,0.0,0.0,0.0,0.0,0.0,0.0,0.0,0.0,0.0,0.0,0.0,0.093,0.257,0.663,0.66,1.141,0.955,1.502,0.621,0.975,0.914,1.594,1.058,1.502,1.124,1.274,0.727,0.699,0.197,0.005,0.0,0.0,0.0,0.0,0.0,0.0,0.0,0.0,0.0,0.0,0.0,0.0,0.0
2019-06-03,0.0,0.0,0.0,0.0,0.0,0.0,0.0,0.0,0.0,0.0,0.0,0.0,0.0,0.0,0.0,0.0,0.071,0.229,0.612,0.673,1.088,0.905,1.528,0.894,1.48,1.282,1.654,0.614,1.034,0.275,0.274,0.154,0.311,0.304,0.021,0.0,0.0,0.0,0.0,0.0,0.0,0.0,0.0,0.0,0.0,0.0,0.0,0.0
2019-06-04,0.0,0.0,0.0,0.0,0.0,0.0,0.0,0.0,0.0,0.0,0.0,0.0,0.0,0.0,0.0,0.0,0.079,0.262,0.661,0.654,1.14,0.955,1.499,1.152,1.686,1.222,1.418,0.795,1.587,0.893,0.673,0.781,0.832,0.235,0.008,0.0,0.0,0.0,0.0,0.0,0.0,0.0,0.0,0.0,0.0,0.0,0.0,0.0
2019-06-05,0.0,0.0,0.0,0.0,0.0,0.0,0.0,0.0,0.0,0.0,0.0,0.0,0.0,0.0,0.0,0.0,0.066,0.17,0.347,0.395,1.168,0.935,1.444,1.102,1.645,1.212,1.684,1.148,1.538,1.003,1.215,0.691,0.683,0.224,0.014,0.0,0.0,0.0,0.0,0.0,0.0,0.0,0.0,0.0,0.0,0.0,0.0,0.0
2019-06-06,0.0,0.0,0.0,0.0,0.0,0.0,0.0,0.0,0.0,0.0,0.0,0.0,0.0,0.0,0.0,0.0,0.085,0.251,0.642,0.646,1.134,0.939,1.468,1.124,1.629,1.183,1.633,1.126,1.479,0.971,1.206,0.705,0.7,0.247,0.011,0.0,0.0,0.0,0.0,0.0,0.0,0.0,0.0,0.0,0.0,0.0,0.0,0.0
2019-06-07,0.0,0.0,0.0,0.0,0.0,0.0,0.0,0.0,0.0,0.0,0.0,0.0,0.0,0.0,0.0,0.0,0.095,0.183,0.346,0.33,0.364,0.772,1.249,0.347,0.221,0.29,0.652,0.169,0.232,0.121,0.134,0.109,0.105,0.037,0.003,0.0,0.0,0.0,0.0,0.0,0.0,0.0,0.0,0.0,0.0,0.0,0.0,0.0
2019-06-08,0.0,0.0,0.0,0.0,0.0,0.0,0.0,0.0,0.0,0.0,0.0,0.0,0.0,0.0,0.0,0.0,0.0,0.0,0.0,0.0,0.0,0.0,0.044,0.106,0.312,0.382,0.41,0.192,0.208,0.125,0.128,0.116,0.108,0.034,0.006,0.0,0.0,0.0,0.0,0.0,0.0,0.0,0.0,0.0,0.0,0.0,0.0,0.0
2019-06-09,0.0,0.0,0.0,0.0,0.0,0.0,0.0,0.0,0.0,0.0,0.0,0.0,0.0,0.0,0.0,0.0,0.017,0.04,0.221,0.334,1.093,0.939,1.095,0.942,1.59,1.187,1.689,1.167,1.547,1.014,0.802,0.278,0.133,0.121,0.017,0.0,0.0,0.0,0.0,0.0,0.0,0.0,0.0,0.0,0.0,0.0,0.0,0.0
2019-06-10,0.0,0.0,0.0,0.0,0.0,0.0,0.0,0.0,0.0,0.0,0.0,0.0,0.0,0.0,0.0,0.0,0.073,0.229,0.612,0.623,1.106,0.931,1.455,1.119,1.501,1.192,1.662,1.156,1.53,0.997,1.218,0.703,0.699,0.229,0.012,0.0,0.0,0.0,0.0,0.0,0.0,0.0,0.0,0.0,0.0,0.0,0.0,0.0
2019-06-11,0.0,0.0,0.0,0.0,0.0,0.0,0.0,0.0,0.0,0.0,0.0,0.0,0.0,0.0,0.0,0.0,0.088,0.268,0.567,0.616,1.037,0.812,0.701,0.884,1.69,1.24,1.732,1.2,1.589,1.04,1.257,0.722,0.495,0.023,0.001,0.0,0.0,0.0,0.0,0.0,0.0,0.0,0.0,0.0,0.0,0.0,0.0,0.0
2019-06-12,0.0,0.0,0.0,0.0,0.0,0.0,0.0,0.0,0.0,0.0,0.0,0.0,0.0,0.0,0.0,0.0,0.045,0.047,0.13,0.315,0.57,0.622,0.747,0.43,0.825,0.966,1.512,1.246,0.274,0.197,0.642,0.17,0.056,0.017,0.0,0.0,0.0,0.0,0.0,0.0,0.0,0.0,0.0,0.0,0.0,0.0,0.0,0.0
2019-06-13,0.0,0.0,0.0,0.0,0.0,0.0,0.0,0.0,0.0,0.0,0.0,0.0,0.0,0.0,0.0,0.0,0.047,0.063,0.155,0.232,0.304,0.335,0.7,0.738,1.555,1.241,1.794,1.224,1.141,0.266,0.319,0.134,0.106,0.011,0.0,0.0,0.0,0.0,0.0,0.0,0.0,0.0,0.0,0.0,0.0,0.0,0.0,0.0
2019-06-14,0.0,0.0,0.0,0.0,0.0,0.0,0.0,0.0,0.0,0.0,0.0,0.0,0.0,0.0,0.0,0.0,0.001,0.069,0.317,0.622,1.107,0.871,1.419,1.193,1.687,1.196,1.545,0.532,0.522,0.611,0.684,0.22,0.568,0.246,0.012,0.0,0.0,0.0,0.0,0.0,0.0,0.0,0.0,0.0,0.0,0.0,0.0,0.0
2019-06-15,0.0,0.0,0.0,0.0,0.0,0.0,0.0,0.0,0.0,0.0,0.0,0.0,0.0,0.0,0.0,0.0,0.0,0.012,0.309,0.651,0.698,0.148,0.218,0.114,0.213,0.135,0.415,0.412,0.227,0.231,0.288,0.359,0.06,0.059,0.012,0.0,0.0,0.0,0.0,0.0,0.0,0.0,0.0,0.0,0.0,0.0,0.0,0.0
2019-06-16,0.0,0.0,0.0,0.0,0.0,0.0,0.0,0.0,0.0,0.0,0.0,0.0,0.0,0.0,0.0,0.0,0.04,0.208,0.586,0.506,0.947,0.797,1.233,0.805,0.99,0.621,0.727,0.424,0.49,0.278,0.324,0.114,0.148,0.17,0.005,0.0,0.0,0.0,0.0,0.0,0.0,0.0,0.0,0.0,0.0,0.0,0.0,0.0
2019-06-17,0.0,0.0,0.0,0.0,0.0,0.0,0.0,0.0,0.0,0.0,0.0,0.0,0.0,0.0,0.0,0.0,0.0,0.0,0.012,0.049,0.273,0.94,1.17,0.896,0.642,0.423,0.489,0.603,0.732,0.529,0.828,0.377,0.16,0.032,0.002,0.0,0.0,0.0,0.0,0.0,0.0,0.0,0.0,0.0,0.0,0.0,0.0,0.0
2019-06-18,0.0,0.0,0.0,0.0,0.0,0.0,0.0,0.0,0.0,0.0,0.0,0.0,0.0,0.0,0.0,0.0,0.002,0.187,0.433,0.293,0.493,0.414,0.808,0.674,0.974,0.513,0.906,1.269,0.687,0.688,0.987,0.474,0.367,0.131,0.008,0.0,0.0,0.0,0.0,0.0,0.0,0.0,0.0,0.0,0.0,0.0,0.0,0.0
2019-06-19,0.0,0.0,0.0,0.0,0.0,0.0,0.0,0.0,0.0,0.0,0.0,0.0,0.0,0.0,0.0,0.0,0.064,0.225,0.607,0.62,1.118,0.966,1.522,1.116,1.626,1.141,1.552,1.118,0.946,0.591,0.891,0.609,0.671,0.077,0.007,0.0,0.0,0.0,0.0,0.0,0.0,0.0,0.0,0.0,0.0,0.0,0.0,0.0
2019-06-20,0.0,0.0,0.0,0.0,0.0,0.0,0.0,0.0,0.0,0.0,0.0,0.0,0.0,0.0,0.0,0.0,0.032,0.119,0.26,0.395,0.64,0.554,0.749,0.671,0.704,0.463,0.968,0.585,1.168,0.95,1.057,0.715,0.179,0.234,0.012,0.0,0.0,0.0,0.0,0.0,0.0,0.0,0.0,0.0,0.0,0.0,0.0,0.0
2019-06-21,0.0,0.0,0.0,0.0,0.0,0.0,0.0,0.0,0.0,0.0,0.0,0.0,0.0,0.0,0.0,0.0,0.054,0.223,0.638,0.647,1.126,0.908,1.457,1.131,1.562,1.115,1.744,1.21,1.573,1.022,1.239,0.722,0.709,0.244,0.017,0.0,0.0,0.0,0.0,0.0,0.0,0.0,0.0,0.0,0.0,0.0,0.0,0.0
2019-06-22,0.0,0.0,0.0,0.0,0.0,0.0,0.0,0.0,0.0,0.0,0.0,0.0,0.0,0.0,0.0,0.0,0.061,0.212,0.604,0.63,1.096,0.918,1.477,1.12,1.634,1.188,1.639,1.156,1.451,0.916,1.171,0.659,0.661,0.207,0.013,0.0,0.0,0.0,0.0,0.0,0.0,0.0,0.0,0.0,0.0,0.0,0.0,0.0
2019-06-23,0.0,0.0,0.0,0.0,0.0,0.0,0.0,0.0,0.0,0.0,0.0,0.0,0.0,0.0,0.0,0.0,0.0,0.052,0.059,0.107,0.218,0.246,0.26,0.136,0.229,0.152,0.263,0.162,0.192,0.167,0.175,0.104,0.047,0.025,0.002,0.0,0.0,0.0,0.0,0.0,0.0,0.0,0.0,0.0,0.0,0.0,0.0,0.0
2019-06-24,0.0,0.0,0.0,0.0,0.0,0.0,0.0,0.0,0.0,0.0,0.0,0.0,0.0,0.0,0.0,0.0,0.0,0.022,0.088,0.115,0.256,0.296,0.373,0.186,0.436,0.508,0.351,0.425,0.591,0.253,0.289,0.176,0.11,0.025,0.002,0.0,0.0,0.0,0.0,0.0,0.0,0.0,0.0,0.0,0.0,0.0,0.0,0.0
2019-06-25,0.0,0.0,0.0,0.0,0.0,0.0,0.0,0.0,0.0,0.0,0.0,0.0,0.0,0.0,0.0,0.0,0.0,0.018,0.114,0.125,0.416,0.523,0.452,0.539,0.867,0.475,0.517,0.198,0.839,1.069,1.281,0.745,0.745,0.071,0.005,0.0,0.0,0.0,0.0,0.0,0.0,0.0,0.0,0.0,0.0,0.0,0.0,0.0
2019-06-26,0.0,0.0,0.0,0.0,0.0,0.0,0.0,0.0,0.0,0.0,0.0,0.0,0.0,0.0,0.0,0.0,0.0,0.072,0.18,0.15,0.258,0.199,0.48,0.432,0.484,0.335,1.353,1.182,1.046,0.334,0.569,0.831,0.676,0.154,0.008,0.0,0.0,0.0,0.0,0.0,0.0,0.0,0.0,0.0,0.0,0.0,0.0,0.0
2019-06-27,0.0,0.0,0.0,0.0,0.0,0.0,0.0,0.0,0.0,0.0,0.0,0.0,0.0,0.0,0.0,0.0,0.041,0.156,0.384,0.55,0.921,0.646,1.534,0.937,1.093,0.422,0.637,0.365,0.362,0.235,0.512,0.521,0.236,0.035,0.006,0.0,0.0,0.0,0.0,0.0,0.0,0.0,0.0,0.0,0.0,0.0,0.0,0.0
2019-06-28,0.0,0.0,0.0,0.0,0.0,0.0,0.0,0.0,0.0,0.0,0.0,0.0,0.0,0.0,0.0,0.0,0.0,0.032,0.178,0.113,0.243,0.233,0.307,0.34,0.764,0.51,0.666,0.578,0.779,0.39,0.515,0.21,0.13,0.03,0.002,0.0,0.0,0.0,0.0,0.0,0.0,0.0,0.0,0.0,0.0,0.0,0.0,0.0
2019-06-29,0.0,0.0,0.0,0.0,0.0,0.0,0.0,0.0,0.0,0.0,0.0,0.0,0.0,0.0,0.0,0.0,0.04,0.091,0.16,0.161,0.355,0.384,1.266,0.886,0.705,0.788,0.62,0.292,0.41,0.228,0.29,0.141,0.094,0.024,0.003,0.0,0.0,0.0,0.0,0.0,0.0,0.0,0.0,0.0,0.0,0.0,0.0,0.0
2019-06-30,0.0,0.0,0.0,0.0,0.0,0.0,0.0,0.0,0.0,0.0,0.0,0.0,0.0,0.0,0.0,0.0,0.0,0.004,0.064,0.086,0.193,0.109,0.285,0.106,0.149,0.434,1.281,0.71,1.096,1.143,0.285,0.094,0.168,0.043,0.009,0.0,0.0,0.0,0.0,0.0,0.0,0.0,0.0,0.0,0.0,0.0,0.0,0.0
2019-07-01,0.0,0.0,0.0,0.0,0.0,0.0,0.0,0.0,0.0,0.0,0.0,0.0,0.0,0.0,0.0,0.0,0.053,0.191,0.43,0.208,0.199,0.875,1.114,1.137,0.867,1.032,1.627,0.983,0.782,0.532,0.437,0.182,0.144,0.042,0.002,0.0,0.0,0.0,0.0,0.0,0.0,0.0,0.0,0.0,0.0,0.0,0.0,0.0
2019-07-02,0.0,0.0,0.0,0.0,0.0,0.0,0.0,0.0,0.0,0.0,0.0,0.0,0.0,0.0,0.0,0.0,0.027,0.028,0.064,0.06,0.669,0.935,1.457,1.037,0.63,0.296,0.313,0.252,0.172,0.628,1.253,0.648,0.238,0.026,0.002,0.0,0.0,0.0,0.0,0.0,0.0,0.0,0.0,0.0,0.0,0.0,0.0,0.0
2019-07-03,0.0,0.0,0.0,0.0,0.0,0.0,0.0,0.0,0.0,0.0,0.0,0.0,0.0,0.0,0.0,0.0,0.001,0.052,0.214,0.165,0.277,0.226,0.476,0.659,1.435,0.749,0.589,0.25,0.339,0.17,0.154,0.176,0.172,0.025,0.003,0.0,0.0,0.0,0.0,0.0,0.0,0.0,0.0,0.0,0.0,0.0,0.0,0.0
2019-07-04,0.0,0.0,0.0,0.0,0.0,0.0,0.0,0.0,0.0,0.0,0.0,0.0,0.0,0.0,0.0,0.0,0.059,0.213,0.571,0.59,1.073,0.831,0.507,0.468,0.503,0.842,1.666,1.147,1.521,0.984,1.165,0.682,0.684,0.234,0.03,0.0,0.0,0.0,0.0,0.0,0.0,0.0,0.0,0.0,0.0,0.0,0.0,0.0
2019-07-05,0.0,0.0,0.0,0.0,0.0,0.0,0.0,0.0,0.0,0.0,0.0,0.0,0.0,0.0,0.0,0.0,0.031,0.104,0.281,0.464,1.064,0.915,1.463,1.115,1.62,1.196,0.897,0.981,0.688,0.96,1.245,0.737,0.757,0.289,0.038,0.0,0.0,0.0,0.0,0.0,0.0,0.0,0.0,0.0,0.0,0.0,0.0,0.0
2019-07-06,0.0,0.0,0.0,0.0,0.0,0.0,0.0,0.0,0.0,0.0,0.0,0.0,0.0,0.0,0.0,0.0,0.07,0.233,0.6,0.615,1.081,0.857,1.262,0.946,1.526,1.062,1.498,0.932,1.281,0.973,1.192,0.477,0.859,0.346,0.033,0.0,0.0,0.0,0.0,0.0,0.0,0.0,0.0,0.0,0.0,0.0,0.0,0.0
2019-07-07,0.0,0.0,0.0,0.0,0.0,0.0,0.0,0.0,0.0,0.0,0.0,0.0,0.0,0.0,0.0,0.0,0.0,0.029,0.208,0.128,0.248,0.265,0.562,0.369,1.194,0.58,1.312,0.522,0.324,0.189,0.136,0.065,0.083,0.006,0.0,0.0,0.0,0.0,0.0,0.0,0.0,0.0,0.0,0.0,0.0,0.0,0.0,0.0
2019-07-08,0.0,0.0,0.0,0.0,0.0,0.0,0.0,0.0,0.0,0.0,0.0,0.0,0.0,0.0,0.0,0.0,0.029,0.213,0.577,0.602,1.106,0.946,1.481,1.146,1.588,1.176,1.623,1.219,1.614,1.067,1.321,0.787,0.516,0.23,0.033,0.0,0.0,0.0,0.0,0.0,0.0,0.0,0.0,0.0,0.0,0.0,0.0,0.0
2019-07-09,0.0,0.0,0.0,0.0,0.0,0.0,0.0,0.0,0.0,0.0,0.0,0.0,0.0,0.0,0.0,0.0,0.027,0.079,0.214,0.217,0.864,0.888,0.624,0.482,0.643,0.644,1.246,0.683,0.524,0.329,0.576,0.738,0.867,0.33,0.038,0.0,0.0,0.0,0.0,0.0,0.0,0.0,0.0,0.0,0.0,0.0,0.0,0.0
2019-07-10,0.0,0.0,0.0,0.0,0.0,0.0,0.0,0.0,0.0,0.0,0.0,0.0,0.0,0.0,0.0,0.0,0.044,0.23,0.595,0.623,1.12,0.967,1.518,1.153,1.444,0.537,0.483,0.197,0.25,0.157,0.235,0.149,0.112,0.083,0.018,0.0,0.0,0.0,0.0,0.0,0.0,0.0,0.0,0.0,0.0,0.0,0.0,0.0
2019-07-11,0.0,0.0,0.0,0.0,0.0,0.0,0.0,0.0,0.0,0.0,0.0,0.0,0.0,0.0,0.0,0.0,0.0,0.0,0.105,0.194,0.586,0.426,0.287,0.136,0.2,0.16,0.288,0.163,0.143,0.064,0.272,0.132,0.272,0.064,0.03,0.0,0.0,0.0,0.0,0.0,0.0,0.0,0.0,0.0,0.0,0.0,0.0,0.0
2019-07-12,0.0,0.0,0.0,0.0,0.0,0.0,0.0,0.0,0.0,0.0,0.0,0.0,0.0,0.0,0.0,0.0,0.0,0.0,0.045,0.106,0.234,0.114,0.235,0.408,1.079,1.082,1.678,0.338,0.3,0.299,0.727,0.321,0.131,0.068,0.004,0.0,0.0,0.0,0.0,0.0,0.0,0.0,0.0,0.0,0.0,0.0,0.0,0.0
2019-07-13,0.0,0.0,0.0,0.0,0.0,0.0,0.0,0.0,0.0,0.0,0.0,0.0,0.0,0.0,0.0,0.0,0.074,0.031,0.165,0.054,0.307,0.522,0.664,0.326,0.151,0.097,0.442,1.041,0.089,0.44,0.506,0.457,0.343,0.095,0.068,0.0,0.0,0.0,0.0,0.0,0.0,0.0,0.0,0.0,0.0,0.0,0.0,0.0
2019-07-14,0.0,0.0,0.0,0.0,0.0,0.0,0.0,0.0,0.0,0.0,0.0,0.0,0.0,0.0,0.0,0.0,0.0,0.005,0.062,0.087,0.219,0.157,0.276,0.185,0.665,0.378,0.483,0.185,0.25,0.208,0.145,0.087,0.039,0.005,0.0,0.0,0.0,0.0,0.0,0.0,0.0,0.0,0.0,0.0,0.0,0.0,0.0,0.0
2019-07-15,0.0,0.0,0.0,0.0,0.0,0.0,0.0,0.0,0.0,0.0,0.0,0.0,0.0,0.0,0.0,0.0,0.0,0.152,0.23,0.221,0.284,0.461,0.813,0.654,0.562,0.694,0.508,0.549,0.958,0.644,0.209,0.303,0.153,0.073,0.022,0.0,0.0,0.0,0.0,0.0,0.0,0.0,0.0,0.0,0.0,0.0,0.0,0.0
2019-07-16,0.0,0.0,0.0,0.0,0.0,0.0,0.0,0.0,0.0,0.0,0.0,0.0,0.0,0.0,0.0,0.0,0.032,0.078,0.273,0.346,0.583,0.464,0.686,0.466,0.517,0.428,0.667,0.377,0.659,0.291,0.305,0.206,0.138,0.036,0.004,0.0,0.0,0.0,0.0,0.0,0.0,0.0,0.0,0.0,0.0,0.0,0.0,0.0
2019-07-17,0.0,0.0,0.0,0.0,0.0,0.0,0.0,0.0,0.0,0.0,0.0,0.0,0.0,0.0,0.0,0.0,0.027,0.157,0.114,0.125,0.119,0.159,0.367,0.197,0.412,0.243,0.414,0.484,0.27,0.13,0.145,0.12,0.055,0.0,0.0,0.0,0.0,0.0,0.0,0.0,0.0,0.0,0.0,0.0,0.0,0.0,0.0,0.0
2019-07-18,0.0,0.0,0.0,0.0,0.0,0.0,0.0,0.0,0.0,0.0,0.0,0.0,0.0,0.0,0.0,0.0,0.082,0.23,0.528,0.519,0.686,0.427,0.576,0.592,0.502,0.81,1.727,1.388,1.241,0.483,0.75,0.356,0.215,0.065,0.017,0.0,0.0,0.0,0.0,0.0,0.0,0.0,0.0,0.0,0.0,0.0,0.0,0.0
2019-07-19,0.0,0.0,0.0,0.0,0.0,0.0,0.0,0.0,0.0,0.0,0.0,0.0,0.0,0.0,0.0,0.0,0.09,0.21,0.587,0.473,0.736,0.918,1.056,0.959,1.716,1.283,1.782,1.239,1.637,1.076,1.333,0.794,0.823,0.3,0.053,0.0,0.0,0.0,0.0,0.0,0.0,0.0,0.0,0.0,0.0,0.0,0.0,0.0
2019-07-20,0.0,0.0,0.0,0.0,0.0,0.0,0.0,0.0,0.0,0.0,0.0,0.0,0.0,0.0,0.0,0.0,0.115,0.264,0.59,0.586,1.131,0.978,1.563,1.207,1.795,1.317,1.831,1.286,1.729,1.156,1.307,0.865,0.914,0.402,0.077,0.0,0.0,0.0,0.0,0.0,0.0,0.0,0.0,0.0,0.0,0.0,0.0,0.0
2019-07-21,0.0,0.0,0.0,0.0,0.0,0.0,0.0,0.0,0.0,0.0,0.0,0.0,0.0,0.0,0.0,0.0,0.0,0.033,0.099,0.084,0.166,0.22,0.827,0.822,1.351,0.332,1.388,0.684,0.439,0.289,0.624,0.593,0.297,0.162,0.053,0.0,0.0,0.0,0.0,0.0,0.0,0.0,0.0,0.0,0.0,0.0,0.0,0.0
2019-07-22,0.0,0.0,0.0,0.0,0.0,0.0,0.0,0.0,0.0,0.0,0.0,0.0,0.0,0.0,0.0,0.0,0.096,0.246,0.628,0.648,1.168,0.998,1.57,1.216,1.79,1.314,1.841,1.294,1.728,1.145,1.427,0.817,0.73,0.388,0.079,0.0,0.0,0.0,0.0,0.0,0.0,0.0,0.0,0.0,0.0,0.0,0.0,0.0
2019-07-23,0.0,0.0,0.0,0.0,0.0,0.0,0.0,0.0,0.0,0.0,0.0,0.0,0.0,0.0,0.0,0.0,0.0,0.024,0.173,0.269,0.904,0.538,0.459,0.359,0.829,1.0,1.583,0.604,0.978,0.278,0.142,0.127,0.024,0.0,0.0,0.0,0.0,0.0,0.0,0.0,0.0,0.0,0.0,0.0,0.0,0.0,0.0,0.0
2019-07-24,0.0,0.0,0.0,0.0,0.0,0.0,0.0,0.0,0.0,0.0,0.0,0.0,0.0,0.0,0.0,0.0,0.015,0.133,0.619,0.538,0.863,0.544,1.266,1.207,1.798,1.238,1.825,1.089,0.98,0.524,0.322,0.137,0.121,0.029,0.004,0.0,0.0,0.0,0.0,0.0,0.0,0.0,0.0,0.0,0.0,0.0,0.0,0.0
2019-07-25,0.0,0.0,0.0,0.0,0.0,0.0,0.0,0.0,0.0,0.0,0.0,0.0,0.0,0.0,0.0,0.0,0.0,0.034,0.251,0.188,0.266,0.195,0.262,0.248,0.52,0.527,0.979,0.887,0.425,0.355,0.348,0.131,0.072,0.027,0.004,0.0,0.0,0.0,0.0,0.0,0.0,0.0,0.0,0.0,0.0,0.0,0.0,0.0
2019-07-26,0.0,0.0,0.0,0.0,0.0,0.0,0.0,0.0,0.0,0.0,0.0,0.0,0.0,0.0,0.0,0.0,0.0,0.0,0.193,0.281,0.389,0.326,0.457,0.19,0.575,0.125,0.373,0.176,0.176,0.096,0.084,0.033,0.02,0.005,0.002,0.0,0.0,0.0,0.0,0.0,0.0,0.0,0.0,0.0,0.0,0.0,0.0,0.0
2019-07-27,0.0,0.0,0.0,0.0,0.0,0.0,0.0,0.0,0.0,0.0,0.0,0.0,0.0,0.0,0.0,0.0,0.133,0.196,0.507,0.426,0.493,0.507,1.036,0.972,1.485,1.142,1.576,0.913,0.643,0.267,0.341,0.182,0.14,0.058,0.021,0.0,0.0,0.0,0.0,0.0,0.0,0.0,0.0,0.0,0.0,0.0,0.0,0.0
2019-07-28,0.0,0.0,0.0,0.0,0.0,0.0,0.0,0.0,0.0,0.0,0.0,0.0,0.0,0.0,0.0,0.0,0.039,0.093,0.23,0.261,0.732,0.906,1.609,1.232,1.783,1.206,1.753,1.31,1.402,1.201,0.892,0.348,0.303,0.082,0.044,0.001,0.0,0.0,0.0,0.0,0.0,0.0,0.0,0.0,0.0,0.0,0.0,0.0
2019-07-29,0.0,0.0,0.0,0.0,0.0,0.0,0.0,0.0,0.0,0.0,0.0,0.0,0.0,0.0,0.0,0.0,0.059,0.173,0.429,0.41,0.781,0.742,0.779,1.264,1.752,1.113,1.148,0.724,0.759,0.367,0.556,0.124,0.291,0.09,0.021,0.0,0.0,0.0,0.0,0.0,0.0,0.0,0.0,0.0,0.0,0.0,0.0,0.0
2019-07-30,0.0,0.0,0.0,0.0,0.0,0.0,0.0,0.0,0.0,0.0,0.0,0.0,0.0,0.0,0.0,0.0,0.115,0.248,0.522,0.587,0.937,0.2,0.425,1.007,0.717,0.776,0.551,0.415,0.569,0.405,0.422,0.994,0.702,0.114,0.06,0.002,0.0,0.0,0.0,0.0,0.0,0.0,0.0,0.0,0.0,0.0,0.0,0.0
2019-07-31,0.0,0.0,0.0,0.0,0.0,0.0,0.0,0.0,0.0,0.0,0.0,0.0,0.0,0.0,0.0,0.002,0.177,0.295,0.697,0.688,1.209,1.007,1.548,1.213,1.746,1.321,1.392,0.418,1.451,1.137,1.539,0.913,0.91,0.452,0.147,0.002,0.0,0.0,0.0,0.0,0.0,0.0,0.0,0.0,0.0,0.0,0.0,0.0
2019-08-01,0.0,0.0,0.0,0.0,0.0,0.0,0.0,0.0,0.0,0.0,0.0,0.0,0.0,0.0,0.0,0.0,0.046,0.092,0.317,0.244,0.143,0.471,0.601,0.638,0.857,0.742,0.718,0.725,0.776,1.045,1.153,0.449,0.372,0.11,0.036,0.0,0.0,0.0,0.0,0.0,0.0,0.0,0.0,0.0,0.0,0.0,0.0,0.0
2019-08-02,0.0,0.0,0.0,0.0,0.0,0.0,0.0,0.0,0.0,0.0,0.0,0.0,0.0,0.0,0.0,0.0,0.0,0.068,0.199,0.202,0.352,0.342,0.798,0.559,0.841,0.625,0.759,0.575,0.825,0.658,1.177,0.371,0.27,0.088,0.035,0.0,0.0,0.0,0.0,0.0,0.0,0.0,0.0,0.0,0.0,0.0,0.0,0.0
2019-08-03,0.0,0.0,0.0,0.0,0.0,0.0,0.0,0.0,0.0,0.0,0.0,0.0,0.0,0.0,0.0,0.0,0.077,0.131,0.2,0.182,0.329,0.472,0.715,0.478,0.562,0.402,0.812,0.451,0.337,0.291,0.326,0.13,0.079,0.107,0.04,0.001,0.0,0.0,0.0,0.0,0.0,0.0,0.0,0.0,0.0,0.0,0.0,0.0
2019-08-04,0.0,0.0,0.0,0.0,0.0,0.0,0.0,0.0,0.0,0.0,0.0,0.0,0.0,0.0,0.0,0.0,0.064,0.103,0.462,0.216,0.34,0.205,0.588,0.571,1.376,0.942,1.57,0.76,0.632,0.302,0.278,0.156,0.18,0.063,0.057,0.002,0.0,0.0,0.0,0.0,0.0,0.0,0.0,0.0,0.0,0.0,0.0,0.0
2019-08-05,0.0,0.0,0.0,0.0,0.0,0.0,0.0,0.0,0.0,0.0,0.0,0.0,0.0,0.0,0.0,0.0,0.066,0.137,0.432,0.455,0.777,0.835,1.081,0.951,1.003,0.518,1.363,1.122,1.348,1.196,1.461,0.763,1.002,0.543,0.219,0.005,0.0,0.0,0.0,0.0,0.0,0.0,0.0,0.0,0.0,0.0,0.0,0.0
2019-08-06,0.0,0.0,0.0,0.0,0.0,0.0,0.0,0.0,0.0,0.0,0.0,0.0,0.0,0.0,0.0,0.0,0.037,0.047,0.148,0.092,0.345,0.214,0.776,0.421,0.444,0.43,0.481,0.248,0.231,0.173,0.28,0.159,0.118,0.077,0.097,0.005,0.0,0.0,0.0,0.0,0.0,0.0,0.0,0.0,0.0,0.0,0.0,0.0
2019-08-07,0.0,0.0,0.0,0.0,0.0,0.0,0.0,0.0,0.0,0.0,0.0,0.0,0.0,0.0,0.0,0.0,0.0,0.092,0.729,0.166,0.191,0.12,0.252,0.14,0.252,0.201,0.538,0.433,0.937,0.363,0.782,0.44,0.23,0.07,0.032,0.002,0.0,0.0,0.0,0.0,0.0,0.0,0.0,0.0,0.0,0.0,0.0,0.0
2019-08-08,0.0,0.0,0.0,0.0,0.0,0.0,0.0,0.0,0.0,0.0,0.0,0.0,0.0,0.0,0.0,0.0,0.162,0.316,0.602,0.302,0.546,0.74,1.47,0.247,0.683,1.067,1.993,1.306,1.759,1.149,0.797,0.283,0.237,0.074,0.029,0.0,0.0,0.0,0.0,0.0,0.0,0.0,0.0,0.0,0.0,0.0,0.0,0.0
2019-08-09,0.0,0.0,0.0,0.0,0.0,0.0,0.0,0.0,0.0,0.0,0.0,0.0,0.0,0.0,0.0,0.0,0.0,0.079,0.116,0.116,0.29,0.301,0.198,0.201,0.285,0.273,0.44,0.372,0.407,0.155,0.155,0.114,0.163,0.103,0.086,0.012,0.0,0.0,0.0,0.0,0.0,0.0,0.0,0.0,0.0,0.0,0.0,0.0
2019-08-10,0.0,0.0,0.0,0.0,0.0,0.0,0.0,0.0,0.0,0.0,0.0,0.0,0.0,0.0,0.0,0.0,0.055,0.081,0.722,0.683,0.656,1.089,1.092,0.332,0.646,0.206,0.607,0.295,1.691,0.477,0.932,0.667,0.628,0.137,0.054,0.001,0.0,0.0,0.0,0.0,0.0,0.0,0.0,0.0,0.0,0.0,0.0,0.0
2019-08-11,0.0,0.0,0.0,0.0,0.0,0.0,0.0,0.0,0.0,0.0,0.0,0.0,0.0,0.0,0.0,0.0,0.068,0.082,0.305,0.546,1.051,1.13,1.041,0.99,0.951,0.443,1.502,0.592,1.394,0.461,0.744,0.356,0.198,0.13,0.132,0.001,0.0,0.0,0.0,0.0,0.0,0.0,0.0,0.0,0.0,0.0,0.0,0.0
2019-08-12,0.0,0.0,0.0,0.0,0.0,0.0,0.0,0.0,0.0,0.0,0.0,0.0,0.0,0.0,0.0,0.037,0.1,0.353,0.795,0.654,0.713,0.82,1.707,0.611,0.876,0.68,1.414,0.91,0.828,0.273,0.519,0.334,0.217,0.093,0.047,0.003,0.0,0.0,0.0,0.0,0.0,0.0,0.0,0.0,0.0,0.0,0.0,0.0
2019-08-13,0.0,0.0,0.0,0.0,0.0,0.0,0.0,0.0,0.0,0.0,0.0,0.0,0.0,0.0,0.0,0.0,0.021,0.091,0.199,0.196,0.373,0.324,0.429,0.309,0.544,0.576,0.744,0.355,0.461,0.292,0.44,0.3,0.307,0.131,0.069,0.006,0.0,0.0,0.0,0.0,0.0,0.0,0.0,0.0,0.0,0.0,0.0,0.0
2019-08-14,0.0,0.0,0.0,0.0,0.0,0.0,0.0,0.0,0.0,0.0,0.0,0.0,0.0,0.0,0.0,0.0,0.11,0.343,0.359,0.387,0.514,0.458,0.91,0.534,0.811,0.309,0.159,0.527,0.321,0.113,0.112,0.081,0.117,0.061,0.029,0.002,0.0,0.0,0.0,0.0,0.0,0.0,0.0,0.0,0.0,0.0,0.0,0.0
2019-08-15,0.0,0.0,0.0,0.0,0.0,0.0,0.0,0.0,0.0,0.0,0.0,0.0,0.0,0.0,0.0,0.027,0.25,0.379,0.765,0.728,0.992,0.973,1.043,1.116,1.907,1.366,1.39,1.081,1.516,0.381,0.266,0.118,0.134,0.049,0.013,0.002,0.0,0.0,0.0,0.0,0.0,0.0,0.0,0.0,0.0,0.0,0.0,0.0
2019-08-16,0.0,0.0,0.0,0.0,0.0,0.0,0.0,0.0,0.0,0.0,0.0,0.0,0.0,0.0,0.0,0.0,0.017,0.086,0.15,0.24,0.442,0.886,1.471,1.359,1.518,0.213,0.128,0.121,0.186,0.125,0.466,0.589,0.314,0.298,0.084,0.009,0.0,0.0,0.0,0.0,0.0,0.0,0.0,0.0,0.0,0.0,0.0,0.0
2019-08-17,0.0,0.0,0.0,0.0,0.0,0.0,0.0,0.0,0.0,0.0,0.0,0.0,0.0,0.0,0.0,0.0,0.134,0.196,0.622,0.805,1.375,1.123,1.703,0.881,1.18,1.248,1.574,1.298,1.868,1.253,1.584,0.98,1.118,0.592,0.418,0.018,0.0,0.0,0.0,0.0,0.0,0.0,0.0,0.0,0.0,0.0,0.0,0.0
2019-08-18,0.0,0.0,0.0,0.0,0.0,0.0,0.0,0.0,0.0,0.0,0.0,0.0,0.0,0.0,0.0,0.008,0.263,0.297,0.843,0.803,1.47,1.092,1.795,0.955,1.089,0.849,1.351,0.277,0.257,0.059,0.051,0.024,0.033,0.019,0.02,0.02,0.0,0.0,0.0,0.0,0.0,0.0,0.0,0.0,0.0,0.0,0.0,0.0
2019-08-19,0.0,0.0,0.0,0.0,0.0,0.0,0.0,0.0,0.0,0.0,0.0,0.0,0.0,0.0,0.0,0.007,0.19,0.298,0.481,0.572,0.638,1.038,1.772,1.431,2.034,1.471,1.479,1.243,1.417,0.928,0.573,0.946,0.79,0.492,0.408,0.027,0.0,0.0,0.0,0.0,0.0,0.0,0.0,0.0,0.0,0.0,0.0,0.0
2019-08-20,0.0,0.0,0.0,0.0,0.0,0.0,0.0,0.0,0.0,0.0,0.0,0.0,0.0,0.0,0.0,0.002,0.132,0.225,0.835,0.675,0.97,0.754,0.534,0.457,0.859,0.328,0.394,0.246,0.463,0.52,1.09,0.326,0.195,0.08,0.229,0.005,0.0,0.0,0.0,0.0,0.0,0.0,0.0,0.0,0.0,0.0,0.0,0.0
2019-08-21,0.0,0.0,0.0,0.0,0.0,0.0,0.0,0.0,0.0,0.0,0.0,0.0,0.0,0.0,0.0,0.023,0.187,0.226,0.611,0.714,1.072,1.033,1.594,0.91,1.909,0.563,0.947,0.557,1.097,1.39,0.994,0.293,0.378,0.131,0.14,0.016,0.0,0.0,0.0,0.0,0.0,0.0,0.0,0.0,0.0,0.0,0.0,0.0
2019-08-22,0.0,0.0,0.0,0.0,0.0,0.0,0.0,0.0,0.0,0.0,0.0,0.0,0.0,0.0,0.0,0.076,0.12,0.34,0.515,0.52,0.912,0.889,1.502,0.644,1.726,1.556,2.108,1.334,1.799,1.431,1.689,1.119,1.232,0.638,0.288,0.018,0.0,0.0,0.0,0.0,0.0,0.0,0.0,0.0,0.0,0.0,0.0,0.0
2019-08-23,0.0,0.0,0.0,0.0,0.0,0.0,0.0,0.0,0.0,0.0,0.0,0.0,0.0,0.0,0.0,0.072,0.329,0.441,0.915,0.864,1.476,1.212,1.857,1.398,2.046,1.493,2.069,1.464,2.029,1.358,1.746,1.086,1.247,0.663,0.498,0.031,0.0,0.0,0.0,0.0,0.0,0.0,0.0,0.0,0.0,0.0,0.0,0.0
2019-08-24,0.0,0.0,0.0,0.0,0.0,0.0,0.0,0.0,0.0,0.0,0.0,0.0,0.0,0.0,0.0,0.056,0.313,0.44,0.929,0.871,1.481,1.212,1.861,1.426,2.078,1.526,2.133,1.486,1.572,0.449,0.247,0.108,0.215,0.102,0.038,0.002,0.0,0.0,0.0,0.0,0.0,0.0,0.0,0.0,0.0,0.0,0.0,0.0
2019-08-25,0.0,0.0,0.0,0.0,0.0,0.0,0.0,0.0,0.0,0.0,0.0,0.0,0.0,0.0,0.0,0.076,0.233,0.231,0.651,0.859,1.541,1.193,1.384,0.846,1.847,1.507,2.115,1.468,1.986,1.327,1.659,0.669,0.748,0.359,0.095,0.024,0.0,0.0,0.0,0.0,0.0,0.0,0.0,0.0,0.0,0.0,0.0,0.0
2019-08-26,0.0,0.0,0.0,0.0,0.0,0.0,0.0,0.0,0.0,0.0,0.0,0.0,0.0,0.0,0.0,0.047,0.236,0.195,0.255,0.257,0.904,1.133,1.854,1.405,2.059,1.451,2.1,1.452,1.948,1.317,1.665,1.041,1.218,0.704,0.498,0.026,0.0,0.0,0.0,0.0,0.0,0.0,0.0,0.0,0.0,0.0,0.0,0.0
2019-08-27,0.0,0.0,0.0,0.0,0.0,0.0,0.0,0.0,0.0,0.0,0.0,0.0,0.0,0.0,0.002,0.093,0.328,0.387,0.934,0.761,1.458,1.218,1.88,1.427,2.083,1.509,2.101,1.465,1.976,1.325,1.754,0.768,0.482,0.222,0.139,0.031,0.0,0.0,0.0,0.0,0.0,0.0,0.0,0.0,0.0,0.0,0.0,0.0
2019-08-28,0.0,0.0,0.0,0.0,0.0,0.0,0.0,0.0,0.0,0.0,0.0,0.0,0.0,0.0,0.0,0.018,0.165,0.277,0.502,0.385,0.315,0.226,0.45,0.312,0.278,0.087,0.152,0.087,0.097,0.104,0.125,0.112,0.152,0.099,0.054,0.028,0.001,0.0,0.0,0.0,0.0,0.0,0.0,0.0,0.0,0.0,0.0,0.0
2019-08-29,0.0,0.0,0.0,0.0,0.0,0.0,0.0,0.0,0.0,0.0,0.0,0.0,0.0,0.0,0.013,0.105,0.228,0.387,0.634,0.328,0.545,0.581,1.56,1.235,1.261,1.415,1.344,1.2,1.447,0.797,1.277,0.631,0.69,0.372,0.538,0.067,0.002,0.0,0.0,0.0,0.0,0.0,0.0,0.0,0.0,0.0,0.0,0.0
2019-08-30,0.0,0.0,0.0,0.0,0.0,0.0,0.0,0.0,0.0,0.0,0.0,0.0,0.0,0.0,0.019,0.112,0.344,0.32,0.971,0.787,0.91,1.27,1.864,1.411,2.054,1.5,2.092,1.465,1.959,1.324,1.701,1.07,1.238,0.678,0.595,0.085,0.003,0.0,0.0,0.0,0.0,0.0,0.0,0.0,0.0,0.0,0.0,0.0
2019-08-31,0.0,0.0,0.0,0.0,0.0,0.0,0.0,0.0,0.0,0.0,0.0,0.0,0.0,0.0,0.004,0.104,0.406,0.51,1.019,0.935,1.562,1.276,1.944,1.476,2.135,1.55,2.186,1.534,2.059,1.371,1.755,1.06,1.078,0.748,0.643,0.083,0.001,0.0,0.0,0.0,0.0,0.0,0.0,0.0,0.0,0.0,0.0,0.0
2019-09-01,0.0,0.0,0.0,0.0,0.0,0.0,0.0,0.0,0.0,0.0,0.0,0.0,0.0,0.0,0.0,0.0,0.084,0.118,0.191,0.285,0.124,0.172,0.561,0.977,0.561,0.708,1.341,1.436,2.01,1.251,1.644,0.769,0.02,0.0,0.0,0.005,0.003,0.0,0.0,0.0,0.0,0.0,0.0,0.0,0.0,0.0,0.0,0.0
2019-09-02,0.0,0.0,0.0,0.0,0.0,0.0,0.0,0.0,0.0,0.0,0.0,0.0,0.0,0.0,0.0,0.042,0.476,0.596,0.701,0.501,0.867,0.738,1.568,1.316,1.542,1.3,2.097,1.489,1.187,0.429,0.645,0.963,0.749,0.167,0.094,0.005,0.0,0.0,0.0,0.0,0.0,0.0,0.0,0.0,0.0,0.0,0.0,0.0
2019-09-03,0.0,0.0,0.0,0.0,0.0,0.0,0.0,0.0,0.0,0.0,0.0,0.0,0.0,0.0,0.021,0.121,0.424,0.514,1.014,0.922,1.527,1.225,1.854,1.401,2.025,1.464,2.043,1.43,1.956,1.341,1.724,1.08,1.252,0.678,0.587,0.133,0.008,0.0,0.0,0.0,0.0,0.0,0.0,0.0,0.0,0.0,0.0,0.0
2019-09-04,0.0,0.0,0.0,0.0,0.0,0.0,0.0,0.0,0.0,0.0,0.0,0.0,0.0,0.0,0.021,0.159,0.391,0.422,0.986,0.927,1.524,1.108,1.829,1.161,1.825,1.528,2.088,1.425,1.742,1.017,1.376,0.673,0.729,0.208,0.109,0.044,0.003,0.0,0.0,0.0,0.0,0.0,0.0,0.0,0.0,0.0,0.0,0.0
2019-09-05,0.0,0.0,0.0,0.0,0.0,0.0,0.0,0.0,0.0,0.0,0.0,0.0,0.0,0.0,0.032,0.114,0.293,0.299,0.697,0.895,1.532,1.214,1.85,1.4,2.038,1.319,1.968,1.11,1.062,0.471,0.91,0.64,0.977,0.124,0.111,0.012,0.0,0.0,0.0,0.0,0.0,0.0,0.0,0.0,0.0,0.0,0.0,0.0
2019-09-06,0.0,0.0,0.0,0.0,0.0,0.0,0.0,0.0,0.0,0.0,0.0,0.0,0.0,0.0,0.024,0.047,0.128,0.174,0.392,0.978,1.553,1.312,1.979,1.484,2.167,1.047,1.032,0.769,0.14,0.094,0.576,0.206,0.468,0.132,0.176,0.031,0.002,0.0,0.0,0.0,0.0,0.0,0.0,0.0,0.0,0.0,0.0,0.0
2019-09-07,0.0,0.0,0.0,0.0,0.0,0.0,0.0,0.0,0.0,0.0,0.0,0.0,0.0,0.0,0.02,0.072,0.211,0.38,0.73,0.872,1.193,0.391,1.247,1.082,1.231,1.007,1.547,0.705,1.755,0.682,0.519,0.671,0.44,0.187,0.295,0.078,0.004,0.0,0.0,0.0,0.0,0.0,0.0,0.0,0.0,0.0,0.0,0.0
2019-09-08,0.0,0.0,0.0,0.0,0.0,0.0,0.0,0.0,0.0,0.0,0.0,0.0,0.0,0.0,0.022,0.134,0.377,0.367,0.523,0.488,1.074,0.602,1.611,1.028,1.399,0.25,0.248,0.277,0.25,0.11,0.171,0.171,0.178,0.107,0.085,0.012,0.0,0.0,0.0,0.0,0.0,0.0,0.0,0.0,0.0,0.0,0.0,0.0
2019-09-09,0.0,0.0,0.0,0.0,0.0,0.0,0.0,0.0,0.0,0.0,0.0,0.0,0.0,0.0,0.038,0.124,0.238,0.556,0.66,0.81,1.172,0.916,1.339,1.267,1.57,1.471,1.359,1.197,1.866,1.509,1.825,0.965,0.48,0.33,0.246,0.018,0.007,0.0,0.0,0.0,0.0,0.0,0.0,0.0,0.0,0.0,0.0,0.0
2019-09-10,0.0,0.0,0.0,0.0,0.0,0.0,0.0,0.0,0.0,0.0,0.0,0.0,0.0,0.0,0.069,0.15,0.291,0.339,0.842,0.541,1.313,1.377,1.981,1.558,2.193,1.573,2.184,1.53,2.062,1.386,1.771,1.129,1.3,0.679,0.401,0.081,0.017,0.0,0.0,0.0,0.0,0.0,0.0,0.0,0.0,0.0,0.0,0.0
2019-09-11,0.0,0.0,0.0,0.0,0.0,0.0,0.0,0.0,0.0,0.0,0.0,0.0,0.0,0.0,0.041,0.157,0.497,0.582,1.114,1.004,1.648,1.315,1.986,1.492,2.145,1.539,2.142,1.468,1.988,1.332,1.653,1.083,1.226,0.643,0.409,0.163,0.016,0.0,0.0,0.0,0.0,0.0,0.0,0.0,0.0,0.0,0.0,0.0
2019-09-12,0.0,0.0,0.0,0.0,0.0,0.0,0.0,0.0,0.0,0.0,0.0,0.0,0.0,0.0,0.0,0.049,0.184,0.361,0.476,0.293,1.038,1.333,0.898,0.358,1.363,1.138,1.249,0.216,1.141,0.84,0.582,0.324,0.494,0.161,0.138,0.059,0.007,0.0,0.0,0.0,0.0,0.0,0.0,0.0,0.0,0.0,0.0,0.0
2019-09-13,0.0,0.0,0.0,0.0,0.0,0.0,0.0,0.0,0.0,0.0,0.0,0.0,0.0,0.0,0.109,0.149,0.462,0.531,0.848,0.83,0.856,0.681,1.296,1.086,0.777,0.719,0.854,0.417,0.522,0.496,0.871,0.458,0.15,0.062,0.048,0.032,0.002,0.0,0.0,0.0,0.0,0.0,0.0,0.0,0.0,0.0,0.0,0.0
2019-09-14,0.0,0.0,0.0,0.0,0.0,0.0,0.0,0.0,0.0,0.0,0.0,0.0,0.0,0.0,0.085,0.216,0.532,0.584,1.083,1.039,1.678,1.328,2.009,1.518,2.194,1.571,2.18,1.516,2.029,1.355,1.716,1.079,1.244,0.687,0.621,0.183,0.026,0.0,0.0,0.0,0.0,0.0,0.0,0.0,0.0,0.0,0.0,0.0
2019-09-15,0.0,0.0,0.0,0.0,0.0,0.0,0.0,0.0,0.0,0.0,0.0,0.0,0.0,0.0,0.018,0.126,0.211,0.247,0.681,1.024,1.074,0.951,0.522,0.338,0.413,0.273,0.402,0.431,0.438,0.29,0.401,0.088,0.039,0.018,0.014,0.006,0.0,0.0,0.0,0.0,0.0,0.0,0.0,0.0,0.0,0.0,0.0,0.0
2019-09-16,0.0,0.0,0.0,0.0,0.0,0.0,0.0,0.0,0.0,0.0,0.0,0.0,0.0,0.0,0.062,0.185,0.337,0.595,0.773,0.857,1.616,1.114,1.939,1.539,1.893,1.159,1.834,1.545,2.006,1.219,1.91,1.023,1.443,0.797,0.738,0.237,0.028,0.0,0.0,0.0,0.0,0.0,0.0,0.0,0.0,0.0,0.0,0.0
2019-09-17,0.0,0.0,0.0,0.0,0.0,0.0,0.0,0.0,0.0,0.0,0.0,0.0,0.0,0.005,0.094,0.21,0.595,0.656,1.226,1.084,1.744,1.377,1.972,1.527,2.278,1.461,1.719,1.605,1.871,1.366,1.811,1.145,1.351,0.746,0.698,0.221,0.036,0.0,0.0,0.0,0.0,0.0,0.0,0.0,0.0,0.0,0.0,0.0
2019-09-18,0.0,0.0,0.0,0.0,0.0,0.0,0.0,0.0,0.0,0.0,0.0,0.0,0.0,0.0,0.081,0.206,0.586,0.651,1.211,1.065,1.712,1.354,2.028,1.512,2.171,1.572,2.196,1.547,2.089,1.387,1.776,1.123,1.32,0.7,0.682,0.225,0.041,0.0,0.0,0.0,0.0,0.0,0.0,0.0,0.0,0.0,0.0,0.0
2019-09-19,0.0,0.0,0.0,0.0,0.0,0.0,0.0,0.0,0.0,0.0,0.0,0.0,0.0,0.0,0.074,0.205,0.577,0.633,1.178,1.049,1.705,1.35,2.032,1.528,2.181,1.578,2.209,1.543,2.065,1.362,1.772,1.108,1.285,0.548,0.184,0.088,0.012,0.0,0.0,0.0,0.0,0.0,0.0,0.0,0.0,0.0,0.0,0.0
2019-09-20,0.0,0.0,0.0,0.0,0.0,0.0,0.0,0.0,0.0,0.0,0.0,0.0,0.0,0.0,0.0,0.034,0.254,0.266,0.406,0.411,0.542,0.704,0.82,0.612,0.789,0.777,1.028,0.686,0.949,0.551,0.788,0.902,0.671,0.246,0.399,0.06,0.015,0.0,0.0,0.0,0.0,0.0,0.0,0.0,0.0,0.0,0.0,0.0
2019-09-21,0.0,0.0,0.0,0.0,0.0,0.0,0.0,0.0,0.0,0.0,0.0,0.0,0.0,0.0,0.038,0.087,0.225,0.208,0.248,0.164,0.304,0.191,0.193,0.132,0.122,0.289,2.116,0.648,1.344,0.779,1.004,0.304,0.719,0.362,0.234,0.131,0.012,0.0,0.0,0.0,0.0,0.0,0.0,0.0,0.0,0.0,0.0,0.0
2019-09-22,0.0,0.0,0.0,0.0,0.0,0.0,0.0,0.0,0.0,0.0,0.0,0.0,0.0,0.0,0.089,0.218,0.625,0.689,1.206,1.134,1.826,1.453,2.183,1.724,2.215,1.718,2.288,1.663,1.255,0.554,0.918,0.434,0.5,0.254,0.368,0.096,0.018,0.0,0.0,0.0,0.0,0.0,0.0,0.0,0.0,0.0,0.0,0.0
2019-09-23,0.0,0.0,0.0,0.0,0.0,0.0,0.0,0.0,0.0,0.0,0.0,0.0,0.0,0.0,0.063,0.149,0.43,0.427,0.798,0.711,0.789,0.494,1.54,1.024,0.868,1.077,1.881,1.099,2.257,0.964,0.575,0.94,0.506,0.409,0.195,0.27,0.011,0.0,0.0,0.0,0.0,0.0,0.0,0.0,0.0,0.0,0.0,0.0
2019-09-24,0.0,0.0,0.0,0.0,0.0,0.0,0.0,0.0,0.0,0.0,0.0,0.0,0.0,0.006,0.128,0.261,0.5,0.336,0.656,0.533,1.449,1.428,2.172,1.584,2.336,1.659,2.34,1.183,1.959,1.098,1.144,0.23,0.432,0.123,0.111,0.024,0.002,0.0,0.0,0.0,0.0,0.0,0.0,0.0,0.0,0.0,0.0,0.0
2019-09-25,0.0,0.0,0.0,0.0,0.0,0.0,0.0,0.0,0.0,0.0,0.0,0.0,0.0,0.019,0.136,0.162,0.432,0.422,1.002,0.519,0.964,1.255,1.694,0.993,1.974,1.481,1.854,1.125,2.133,1.438,1.582,0.628,1.167,0.671,0.742,0.248,0.057,0.0,0.0,0.0,0.0,0.0,0.0,0.0,0.0,0.0,0.0,0.0
2019-09-26,0.0,0.0,0.0,0.0,0.0,0.0,0.0,0.0,0.0,0.0,0.0,0.0,0.0,0.0,0.066,0.185,0.324,0.19,0.386,0.358,1.254,1.301,1.905,1.524,2.195,1.573,2.187,1.537,2.075,1.394,1.794,1.091,1.301,0.43,0.359,0.091,0.039,0.0,0.0,0.0,0.0,0.0,0.0,0.0,0.0,0.0,0.0,0.0
2019-09-27,0.0,0.0,0.0,0.0,0.0,0.0,0.0,0.0,0.0,0.0,0.0,0.0,0.0,0.02,0.173,0.261,0.44,0.434,0.69,0.462,0.931,0.646,0.61,0.286,0.703,0.822,1.652,0.32,0.09,0.007,0.091,0.11,0.24,0.501,0.267,0.144,0.051,0.0,0.0,0.0,0.0,0.0,0.0,0.0,0.0,0.0,0.0,0.0
2019-09-28,0.0,0.0,0.0,0.0,0.0,0.0,0.0,0.0,0.0,0.0,0.0,0.0,0.0,0.0,0.115,0.189,0.616,0.653,1.025,0.824,0.803,0.599,1.103,0.83,1.127,0.859,0.763,0.554,1.384,1.283,1.437,1.048,1.376,0.758,0.709,0.118,0.032,0.0,0.0,0.0,0.0,0.0,0.0,0.0,0.0,0.0,0.0,0.0
2019-09-29,0.0,0.0,0.0,0.0,0.0,0.0,0.0,0.0,0.0,0.0,0.0,0.0,0.0,0.0,0.096,0.157,0.371,0.444,0.812,0.703,0.981,0.924,2.192,1.664,1.657,1.335,2.11,1.645,2.153,1.501,1.878,1.198,1.033,0.601,0.312,0.152,0.051,0.0,0.0,0.0,0.0,0.0,0.0,0.0,0.0,0.0,0.0,0.0
2019-09-30,0.0,0.0,0.0,0.0,0.0,0.0,0.0,0.0,0.0,0.0,0.0,0.0,0.0,0.005,0.097,0.107,0.262,0.285,0.52,0.424,0.896,0.584,0.703,0.53,0.951,0.843,1.167,0.596,1.146,0.356,0.379,0.242,0.233,0.131,0.153,0.071,0.035,0.0,0.0,0.0,0.0,0.0,0.0,0.0,0.0,0.0,0.0,0.0
2019-10-01,0.0,0.0,0.0,0.0,0.0,0.0,0.0,0.0,0.0,0.0,0.0,0.0,0.0,0.033,0.153,0.288,0.72,0.744,1.337,1.14,0.743,1.397,2.094,1.571,2.257,1.616,2.256,1.581,2.122,1.427,1.832,1.158,1.376,0.768,0.734,0.28,0.071,0.0,0.0,0.0,0.0,0.0,0.0,0.0,0.0,0.0,0.0,0.0
2019-10-02,0.0,0.0,0.0,0.0,0.0,0.0,0.0,0.0,0.0,0.0,0.0,0.0,0.0,0.027,0.176,0.314,0.599,0.74,1.321,1.138,1.807,1.412,2.077,1.559,2.258,1.631,1.893,1.418,1.397,1.334,0.857,0.477,0.677,0.852,0.229,0.133,0.053,0.0,0.0,0.0,0.0,0.0,0.0,0.0,0.0,0.0,0.0,0.0
2019-10-03,0.0,0.0,0.0,0.0,0.0,0.0,0.0,0.0,0.0,0.0,0.0,0.0,0.0,0.021,0.153,0.278,0.683,0.711,1.287,1.107,1.759,1.381,2.052,1.524,2.185,1.578,2.208,1.57,2.112,1.426,1.817,1.147,1.313,0.699,0.7,0.253,0.081,0.0,0.0,0.0,0.0,0.0,0.0,0.0,0.0,0.0,0.0,0.0
2019-10-04,0.0,0.0,0.0,0.0,0.0,0.0,0.0,0.0,0.0,0.0,0.0,0.0,0.0,0.014,0.177,0.333,0.335,0.283,0.396,0.422,0.696,0.789,1.794,0.79,1.251,1.303,0.465,0.187,0.2,0.276,0.516,0.289,0.154,0.059,0.088,0.052,0.006,0.0,0.0,0.0,0.0,0.0,0.0,0.0,0.0,0.0,0.0,0.0
2019-10-05,0.0,0.0,0.0,0.0,0.0,0.0,0.0,0.0,0.0,0.0,0.0,0.0,0.0,0.067,0.248,0.333,0.775,0.742,1.213,1.122,1.885,1.41,2.074,1.585,2.286,1.389,1.17,0.498,1.002,0.889,0.836,0.359,0.363,0.183,0.128,0.043,0.007,0.0,0.0,0.0,0.0,0.0,0.0,0.0,0.0,0.0,0.0,0.0
2019-10-06,0.0,0.0,0.0,0.0,0.0,0.0,0.0,0.0,0.0,0.0,0.0,0.0,0.0,0.0,0.0,0.0,0.0,0.059,0.403,0.58,0.466,0.631,1.789,1.406,2.136,1.592,2.202,1.663,2.346,1.457,1.121,0.511,1.024,0.456,0.466,0.134,0.135,0.029,0.024,0.0,0.0,0.0,0.0,0.0,0.0,0.0,0.0,0.0
2019-10-07,0.0,0.0,0.0,0.0,0.0,0.0,0.0,0.0,0.0,0.0,0.0,0.0,0.0,0.0,0.0,0.0,0.153,0.283,0.711,0.512,0.789,0.922,1.974,1.474,2.119,1.082,0.693,0.835,1.584,1.005,1.342,0.936,1.151,0.581,0.52,0.258,0.222,0.108,0.078,0.001,0.0,0.0,0.0,0.0,0.0,0.0,0.0,0.0
2019-10-08,0.0,0.0,0.0,0.0,0.0,0.0,0.0,0.0,0.0,0.0,0.0,0.0,0.0,0.0,0.0,0.0,0.108,0.068,0.176,0.465,0.948,1.092,1.853,1.542,1.948,0.947,1.643,1.26,1.808,0.916,1.804,1.072,1.113,1.376,0.857,0.743,0.801,0.318,0.088,0.0,0.0,0.0,0.0,0.0,0.0,0.0,0.0,0.0
2019-10-09,0.0,0.0,0.0,0.0,0.0,0.0,0.0,0.0,0.0,0.0,0.0,0.0,0.0,0.0,0.0,0.049,0.185,0.267,0.651,0.569,0.457,0.567,1.432,0.462,0.912,0.491,0.579,0.308,1.027,1.424,0.95,0.347,0.37,0.433,0.813,0.764,0.809,0.201,0.047,0.0,0.0,0.0,0.0,0.0,0.0,0.0,0.0,0.0
2019-10-10,0.0,0.0,0.0,0.0,0.0,0.0,0.0,0.0,0.0,0.0,0.0,0.0,0.0,0.0,0.0,0.053,0.218,0.242,0.488,0.44,0.897,0.29,0.194,0.553,0.787,0.205,0.219,0.236,0.276,0.159,0.159,0.143,0.231,0.109,0.168,0.196,0.164,0.091,0.064,0.001,0.0,0.0,0.0,0.0,0.0,0.0,0.0,0.0
2019-10-11,0.0,0.0,0.0,0.0,0.0,0.0,0.0,0.0,0.0,0.0,0.0,0.0,0.0,0.0,0.014,0.058,0.208,0.344,0.731,0.728,1.225,0.736,1.503,1.267,2.005,1.298,1.587,1.501,2.064,1.348,2.126,1.469,1.869,1.231,1.309,0.811,0.795,0.315,0.126,0.004,0.0,0.0,0.0,0.0,0.0,0.0,0.0,0.0
2019-10-12,0.0,0.0,0.0,0.0,0.0,0.0,0.0,0.0,0.0,0.0,0.0,0.0,0.0,0.0,0.0,0.042,0.204,0.341,0.802,0.752,1.066,0.906,1.465,1.476,1.965,1.584,2.231,1.623,2.262,1.579,2.072,1.426,1.769,1.204,1.406,0.796,0.788,0.322,0.14,0.001,0.0,0.0,0.0,0.0,0.0,0.0,0.0,0.0
2019-10-13,0.0,0.0,0.0,0.0,0.0,0.0,0.0,0.0,0.0,0.0,0.0,0.0,0.0,0.0,0.028,0.111,0.324,0.376,0.678,0.772,1.29,0.529,1.281,0.656,0.833,0.838,1.344,1.335,1.599,0.92,1.718,1.435,1.855,1.083,1.376,0.573,0.606,0.344,0.114,0.001,0.0,0.0,0.0,0.0,0.0,0.0,0.0,0.0
2019-10-14,0.0,0.0,0.0,0.0,0.0,0.0,0.0,0.0,0.0,0.0,0.0,0.0,0.0,0.0,0.0,0.047,0.264,0.341,0.802,0.788,1.013,0.825,1.256,1.313,2.154,1.6,2.265,1.605,2.001,0.851,0.908,0.308,0.625,0.26,0.692,0.353,0.246,0.148,0.169,0.005,0.0,0.0,0.0,0.0,0.0,0.0,0.0,0.0
2019-10-15,0.0,0.0,0.0,0.0,0.0,0.0,0.0,0.0,0.0,0.0,0.0,0.0,0.0,0.0,0.0,0.065,0.233,0.255,0.386,0.438,0.919,0.832,1.18,1.143,2.107,1.637,2.341,1.681,2.34,1.639,2.205,1.41,1.88,1.214,1.415,0.784,0.641,0.168,0.05,0.0,0.0,0.0,0.0,0.0,0.0,0.0,0.0,0.0
2019-10-16,0.0,0.0,0.0,0.0,0.0,0.0,0.0,0.0,0.0,0.0,0.0,0.0,0.0,0.0,0.0,0.0,0.127,0.199,0.294,0.205,0.374,0.328,0.607,0.314,0.522,0.796,1.655,1.217,0.928,0.952,1.33,0.048,0.19,0.127,0.386,0.149,0.271,0.182,0.142,0.006,0.0,0.0,0.0,0.0,0.0,0.0,0.0,0.0
2019-10-17,0.0,0.0,0.0,0.0,0.0,0.0,0.0,0.0,0.0,0.0,0.0,0.0,0.0,0.0,0.0,0.041,0.304,0.39,0.143,0.21,0.487,0.643,1.172,1.038,1.664,0.246,0.875,1.0,1.6,0.815,1.56,1.451,0.588,0.21,0.608,0.463,0.304,0.082,0.022,0.0,0.0,0.0,0.0,0.0,0.0,0.0,0.0,0.0
2019-10-18,0.0,0.0,0.0,0.0,0.0,0.0,0.0,0.0,0.0,0.0,0.0,0.0,0.0,0.0,0.014,0.066,0.236,0.384,0.881,0.868,1.522,1.248,1.816,1.446,2.176,1.153,1.85,1.607,2.34,1.404,2.173,1.229,0.94,0.519,0.945,0.841,0.347,0.135,0.048,0.0,0.0,0.0,0.0,0.0,0.0,0.0,0.0,0.0
2019-10-19,0.0,0.0,0.0,0.0,0.0,0.0,0.0,0.0,0.0,0.0,0.0,0.0,0.0,0.0,0.01,0.073,0.248,0.29,0.715,0.522,1.34,1.283,1.518,0.696,1.84,1.727,2.455,1.794,1.081,0.891,1.264,0.86,1.672,0.149,0.477,0.704,0.569,0.363,0.218,0.011,0.0,0.0,0.0,0.0,0.0,0.0,0.0,0.0
2019-10-20,0.0,0.0,0.0,0.0,0.0,0.0,0.0,0.0,0.0,0.0,0.0,0.0,0.0,0.0,0.007,0.102,0.209,0.264,0.357,0.392,0.687,1.251,1.249,0.994,1.029,0.636,1.063,0.453,0.6,0.552,0.906,0.846,0.946,0.339,0.472,0.216,0.18,0.051,0.039,0.0,0.0,0.0,0.0,0.0,0.0,0.0,0.0,0.0
2019-10-21,0.0,0.0,0.0,0.0,0.0,0.0,0.0,0.0,0.0,0.0,0.0,0.0,0.0,0.0,0.007,0.054,0.166,0.214,0.457,0.401,0.72,0.573,0.898,0.811,1.283,0.986,1.611,1.459,2.078,1.612,2.236,1.5,1.938,1.237,1.485,0.859,0.88,0.383,0.205,0.01,0.0,0.0,0.0,0.0,0.0,0.0,0.0,0.0
2019-10-22,0.0,0.0,0.0,0.0,0.0,0.0,0.0,0.0,0.0,0.0,0.0,0.0,0.0,0.0,0.008,0.061,0.174,0.212,0.49,0.615,0.955,1.3,1.94,1.494,2.238,1.667,2.382,1.713,2.38,1.671,2.26,1.52,1.964,1.249,1.497,0.864,0.885,0.392,0.217,0.01,0.0,0.0,0.0,0.0,0.0,0.0,0.0,0.0
2019-10-23,0.0,0.0,0.0,0.0,0.0,0.0,0.0,0.0,0.0,0.0,0.0,0.0,0.0,0.0,0.018,0.068,0.28,0.42,0.917,0.869,1.489,1.236,1.903,1.451,2.119,1.616,2.289,1.618,2.246,1.577,2.114,1.431,1.848,1.188,1.44,0.83,0.852,0.367,0.204,0.012,0.0,0.0,0.0,0.0,0.0,0.0,0.0,0.0
2019-10-24,0.0,0.0,0.0,0.0,0.0,0.0,0.0,0.0,0.0,0.0,0.0,0.0,0.0,0.0,0.005,0.067,0.27,0.401,0.87,0.842,1.46,1.213,1.895,1.465,2.174,1.618,2.301,1.653,2.293,1.596,2.141,1.434,1.847,1.157,1.292,0.771,0.827,0.345,0.189,0.013,0.0,0.0,0.0,0.0,0.0,0.0,0.0,0.0
2019-10-25,0.0,0.0,0.0,0.0,0.0,0.0,0.0,0.0,0.0,0.0,0.0,0.0,0.0,0.0,0.081,0.058,0.073,0.079,0.173,0.118,0.154,0.065,0.259,0.278,0.301,0.173,0.738,0.871,1.598,1.485,1.275,1.165,1.78,1.082,0.624,0.483,0.557,0.101,0.049,0.002,0.0,0.0,0.0,0.0,0.0,0.0,0.0,0.0
2019-10-26,0.0,0.0,0.0,0.0,0.0,0.0,0.0,0.0,0.0,0.0,0.0,0.0,0.0,0.0,0.045,0.07,0.217,0.117,0.457,0.941,0.449,0.412,0.474,0.349,0.708,0.87,1.281,1.273,1.406,1.268,1.051,0.947,1.512,1.052,0.905,0.219,0.838,0.291,0.25,0.034,0.0,0.0,0.0,0.0,0.0,0.0,0.0,0.0
2019-10-27,0.0,0.0,0.0,0.0,0.0,0.0,0.0,0.0,0.0,0.0,0.0,0.0,0.0,0.0,0.08,0.128,0.233,0.319,0.548,0.636,1.17,0.646,0.959,0.512,1.377,0.648,0.746,0.468,0.824,0.398,1.082,0.529,0.296,0.21,0.344,0.085,0.2,0.074,0.299,0.024,0.0,0.0,0.0,0.0,0.0,0.0,0.0,0.0
2019-10-28,0.0,0.0,0.0,0.0,0.0,0.0,0.0,0.0,0.0,0.0,0.0,0.0,0.0,0.0,0.124,0.248,0.424,0.205,0.488,0.564,1.517,1.224,1.96,1.534,2.265,1.658,2.355,1.702,2.36,1.64,2.216,1.483,1.903,1.209,1.476,0.857,0.878,0.39,0.233,0.023,0.0,0.0,0.0,0.0,0.0,0.0,0.0,0.0
2019-10-29,0.0,0.0,0.0,0.0,0.0,0.0,0.0,0.0,0.0,0.0,0.0,0.0,0.0,0.002,0.056,0.074,0.298,0.436,0.938,0.894,1.555,1.259,1.998,1.528,2.23,1.64,2.352,1.686,2.334,1.631,2.169,1.452,1.864,1.19,1.422,0.83,0.866,0.387,0.221,0.017,0.0,0.0,0.0,0.0,0.0,0.0,0.0,0.0
2019-10-30,0.0,0.0,0.0,0.0,0.0,0.0,0.0,0.0,0.0,0.0,0.0,0.0,0.0,0.0,0.026,0.083,0.301,0.421,0.903,0.867,1.489,1.221,1.895,1.456,2.162,1.602,2.303,1.656,2.292,1.588,2.108,1.389,1.794,1.163,1.41,0.818,0.849,0.373,0.232,0.027,0.0,0.0,0.0,0.0,0.0,0.0,0.0,0.0
2019-10-31,0.0,0.0,0.0,0.0,0.0,0.0,0.0,0.0,0.0,0.0,0.0,0.0,0.0,0.0,0.002,0.082,0.286,0.428,0.901,0.874,1.523,1.263,1.821,1.168,1.683,1.421,2.048,1.702,2.314,1.597,2.129,1.42,1.836,1.162,1.383,0.788,0.795,0.323,0.208,0.024,0.0,0.0,0.0,0.0,0.0,0.0,0.0,0.0
2019-11-01,0.0,0.0,0.0,0.0,0.0,0.0,0.0,0.0,0.0,0.0,0.0,0.0,0.0,0.0,0.064,0.1,0.317,0.406,0.94,0.911,1.592,1.039,0.615,1.256,2.051,1.403,1.992,1.143,1.236,0.824,1.73,0.642,1.284,0.507,0.611,0.23,0.248,0.106,0.083,0.012,0.0,0.0,0.0,0.0,0.0,0.0,0.0,0.0
2019-11-02,0.0,0.0,0.0,0.0,0.0,0.0,0.0,0.0,0.0,0.0,0.0,0.0,0.0,0.054,0.122,0.062,0.051,0.082,0.249,0.072,0.126,0.061,0.206,0.18,0.069,0.149,0.178,0.353,0.219,0.122,0.316,0.287,0.242,0.113,0.18,0.179,0.205,0.106,0.17,0.03,0.0,0.0,0.0,0.0,0.0,0.0,0.0,0.0
2019-11-03,0.0,0.0,0.0,0.0,0.0,0.0,0.0,0.0,0.0,0.0,0.0,0.0,0.0,0.0,0.026,0.094,0.376,0.357,0.728,0.458,0.657,0.32,0.932,0.796,0.811,0.324,0.228,0.14,0.452,0.432,0.775,0.529,1.169,0.799,0.406,0.133,0.147,0.045,0.035,0.001,0.0,0.0,0.0,0.0,0.0,0.0,0.0,0.0
2019-11-04,0.0,0.0,0.0,0.0,0.0,0.0,0.0,0.0,0.0,0.0,0.0,0.0,0.0,0.001,0.07,0.087,0.292,0.438,0.959,0.939,1.616,0.948,0.785,0.677,0.442,1.024,0.306,0.249,0.173,0.406,0.497,0.268,0.361,0.205,0.384,0.279,0.525,0.23,0.261,0.028,0.0,0.0,0.0,0.0,0.0,0.0,0.0,0.0
2019-11-05,0.0,0.0,0.0,0.0,0.0,0.0,0.0,0.0,0.0,0.0,0.0,0.0,0.0,0.0,0.037,0.106,0.472,0.463,0.777,0.709,1.6,1.335,2.044,1.505,2.07,1.522,2.386,1.668,2.113,1.428,1.984,1.086,1.532,1.074,0.926,0.644,0.576,0.458,0.249,0.03,0.002,0.0,0.0,0.0,0.0,0.0,0.0,0.0
2019-11-06,0.0,0.0,0.0,0.0,0.0,0.0,0.0,0.0,0.0,0.0,0.0,0.0,0.0,0.0,0.054,0.099,0.14,0.162,0.597,0.648,0.683,0.392,1.608,1.247,2.154,1.557,2.194,1.8,1.61,1.02,1.148,0.645,0.642,0.332,0.474,0.225,0.28,0.187,0.075,0.01,0.0,0.0,0.0,0.0,0.0,0.0,0.0,0.0
2019-11-07,0.0,0.0,0.0,0.0,0.0,0.0,0.0,0.0,0.0,0.0,0.0,0.0,0.0,0.0,0.151,0.164,0.267,0.189,0.36,0.241,0.377,0.298,0.491,0.535,0.299,0.223,0.437,0.334,0.538,0.483,0.446,0.206,0.381,0.342,0.213,0.047,0.098,0.045,0.025,0.0,0.0,0.0,0.0,0.0,0.0,0.0,0.0,0.0
2019-11-08,0.0,0.0,0.0,0.0,0.0,0.0,0.0,0.0,0.0,0.0,0.0,0.0,0.0,0.0,0.064,0.106,0.278,0.278,0.309,0.348,0.786,0.598,0.508,0.673,1.284,1.003,1.998,1.846,2.336,1.57,2.187,1.602,0.803,0.718,0.174,0.498,0.73,0.176,0.072,0.011,0.001,0.0,0.0,0.0,0.0,0.0,0.0,0.0
2019-11-09,0.0,0.0,0.0,0.0,0.0,0.0,0.0,0.0,0.0,0.0,0.0,0.0,0.0,0.0,0.077,0.163,0.329,0.319,0.713,0.63,1.267,1.012,1.355,0.797,0.464,0.364,0.365,0.452,0.438,0.334,0.347,0.304,0.252,0.189,0.14,0.067,0.057,0.065,0.022,0.003,0.0,0.0,0.0,0.0,0.0,0.0,0.0,0.0
2019-11-10,0.0,0.0,0.0,0.0,0.0,0.0,0.0,0.0,0.0,0.0,0.0,0.0,0.0,0.0,0.044,0.091,0.217,0.273,0.63,0.609,0.73,0.723,1.755,1.464,1.148,0.987,2.019,0.743,0.905,0.734,0.95,0.809,1.165,0.75,0.476,0.252,0.187,0.111,0.077,0.022,0.0,0.0,0.0,0.0,0.0,0.0,0.0,0.0
2019-11-11,0.0,0.0,0.0,0.0,0.0,0.0,0.0,0.0,0.0,0.0,0.0,0.0,0.0,0.003,0.073,0.092,0.331,0.456,0.973,0.924,1.254,1.224,2.03,1.108,1.685,1.601,1.89,1.293,2.099,1.277,2.007,1.514,1.835,1.197,1.118,0.633,0.707,0.241,0.111,0.042,0.002,0.0,0.0,0.0,0.0,0.0,0.0,0.0
2019-11-12,0.0,0.0,0.0,0.0,0.0,0.0,0.0,0.0,0.0,0.0,0.0,0.0,0.0,0.0,0.072,0.122,0.394,0.084,0.531,0.399,0.75,1.322,0.83,0.4,2.189,0.576,1.934,1.446,1.448,1.757,1.402,1.148,0.881,0.606,1.166,0.325,0.526,0.511,0.157,0.043,0.008,0.0,0.0,0.0,0.0,0.0,0.0,0.0
2019-11-13,0.0,0.0,0.0,0.0,0.0,0.0,0.0,0.0,0.0,0.0,0.0,0.0,0.0,0.0,0.119,0.184,0.377,0.449,0.68,0.521,0.839,0.836,1.747,0.703,0.659,0.415,1.062,0.911,0.955,0.764,0.423,0.395,0.796,0.39,0.282,0.23,0.173,0.196,0.138,0.038,0.007,0.0,0.0,0.0,0.0,0.0,0.0,0.0
2019-11-14,0.0,0.0,0.0,0.0,0.0,0.0,0.0,0.0,0.0,0.0,0.0,0.0,0.0,0.0,0.054,0.13,0.302,0.441,0.706,0.834,1.04,0.767,1.174,1.637,1.977,1.613,1.941,1.115,1.987,1.338,2.145,1.303,1.893,0.962,0.63,0.926,0.981,0.476,0.351,0.053,0.011,0.0,0.0,0.0,0.0,0.0,0.0,0.0
2019-11-15,0.0,0.0,0.0,0.0,0.0,0.0,0.0,0.0,0.0,0.0,0.0,0.0,0.0,0.007,0.15,0.154,0.266,0.284,0.689,0.583,0.639,0.522,1.237,0.852,1.495,0.663,0.721,0.59,0.62,0.922,1.477,0.676,1.35,0.322,0.274,0.427,0.595,0.21,0.156,0.043,0.005,0.0,0.0,0.0,0.0,0.0,0.0,0.0
2019-11-16,0.0,0.0,0.0,0.0,0.0,0.0,0.0,0.0,0.0,0.0,0.0,0.0,0.0,0.0,0.079,0.101,0.352,0.478,1.003,0.95,1.622,1.331,1.938,1.15,2.019,1.297,2.271,1.601,2.058,1.426,1.921,1.416,1.068,0.452,0.448,0.246,0.2,0.212,0.132,0.048,0.002,0.0,0.0,0.0,0.0,0.0,0.0,0.0
2019-11-17,0.0,0.0,0.0,0.0,0.0,0.0,0.0,0.0,0.0,0.0,0.0,0.0,0.0,0.0,0.062,0.08,0.229,0.348,0.495,0.342,1.043,0.996,1.814,1.471,2.357,1.702,2.446,1.7,2.458,1.74,2.332,1.575,1.998,1.272,1.618,0.978,0.721,0.237,0.144,0.061,0.012,0.0,0.0,0.0,0.0,0.0,0.0,0.0
2019-11-18,0.0,0.0,0.0,0.0,0.0,0.0,0.0,0.0,0.0,0.0,0.0,0.0,0.0,0.027,0.08,0.097,0.339,0.48,0.991,0.953,1.618,1.32,1.97,1.528,2.213,1.647,2.338,1.664,2.295,1.604,2.182,1.482,1.886,1.225,1.508,0.654,0.979,0.441,0.402,0.075,0.016,0.0,0.0,0.0,0.0,0.0,0.0,0.0
2019-11-19,0.0,0.0,0.0,0.0,0.0,0.0,0.0,0.0,0.0,0.0,0.0,0.0,0.0,0.032,0.121,0.168,0.329,0.193,0.561,0.63,1.205,1.038,1.999,1.534,2.236,1.657,2.335,1.663,2.141,1.098,1.151,0.8,1.76,1.324,1.632,1.144,1.175,0.443,0.375,0.09,0.016,0.0,0.0,0.0,0.0,0.0,0.0,0.0
2019-11-20,0.0,0.0,0.0,0.0,0.0,0.0,0.0,0.0,0.0,0.0,0.0,0.0,0.0,0.026,0.089,0.115,0.362,0.464,0.962,0.897,1.517,1.231,1.876,1.461,1.884,1.565,2.231,1.586,2.184,1.513,2.049,1.395,1.797,1.147,1.372,0.815,0.88,0.394,0.32,0.063,0.013,0.0,0.0,0.0,0.0,0.0,0.0,0.0
2019-11-21,0.0,0.0,0.0,0.0,0.0,0.0,0.0,0.0,0.0,0.0,0.0,0.0,0.0,0.0,0.037,0.098,0.315,0.426,0.908,0.867,1.475,1.21,1.903,1.468,1.832,1.223,1.441,1.005,1.198,0.295,0.143,0.223,0.462,0.468,0.189,0.035,0.123,0.091,0.331,0.051,0.005,0.0,0.0,0.0,0.0,0.0,0.0,0.0
2019-11-22,0.0,0.0,0.0,0.0,0.0,0.0,0.0,0.0,0.0,0.0,0.0,0.0,0.0,0.021,0.092,0.106,0.333,0.455,0.569,0.486,1.472,1.298,1.742,1.3,2.266,1.687,2.391,1.713,2.396,1.679,2.267,1.538,1.975,1.28,1.532,0.92,0.404,0.309,0.3,0.101,0.022,0.0,0.0,0.0,0.0,0.0,0.0,0.0
2019-11-23,0.0,0.0,0.0,0.0,0.0,0.0,0.0,0.0,0.0,0.0,0.0,0.0,0.01,0.055,0.121,0.127,0.346,0.459,0.834,0.841,0.866,0.962,2.016,1.468,1.426,0.886,1.593,1.407,2.19,1.118,1.899,1.131,1.592,1.225,1.653,0.929,0.766,0.303,0.378,0.158,0.051,0.0,0.0,0.0,0.0,0.0,0.0,0.0
2019-11-24,0.0,0.0,0.0,0.0,0.0,0.0,0.0,0.0,0.0,0.0,0.0,0.0,0.0,0.009,0.085,0.112,0.362,0.455,0.982,0.919,1.54,1.258,1.961,1.511,2.255,1.672,2.382,1.722,2.381,1.674,2.257,1.528,1.95,1.249,1.528,0.91,0.981,0.483,0.364,0.09,0.011,0.0,0.0,0.0,0.0,0.0,0.0,0.0
2019-11-25,0.0,0.0,0.0,0.0,0.0,0.0,0.0,0.0,0.0,0.0,0.0,0.0,0.0,0.018,0.071,0.099,0.344,0.45,0.938,0.91,1.398,1.048,1.665,1.506,1.537,1.206,1.146,0.781,1.036,0.45,0.36,0.252,0.371,0.398,0.415,0.201,0.126,0.056,0.054,0.003,0.0,0.0,0.0,0.0,0.0,0.0,0.0,0.0
2019-11-26,0.0,0.0,0.0,0.0,0.0,0.0,0.0,0.0,0.0,0.0,0.0,0.0,0.0,0.0,0.001,0.051,0.189,0.397,0.862,0.666,1.076,1.136,1.533,1.42,2.405,1.765,2.497,1.788,2.369,1.172,2.396,1.607,2.053,1.383,1.412,0.886,1.145,0.534,0.414,0.114,0.034,0.0,0.0,0.0,0.0,0.0,0.0,0.0
2019-11-27,0.0,0.0,0.0,0.0,0.0,0.0,0.0,0.0,0.0,0.0,0.0,0.0,0.0,0.027,0.078,0.1,0.354,0.461,0.956,0.925,1.605,1.307,2.005,1.537,2.25,1.654,2.361,1.69,2.335,1.636,2.245,1.512,1.971,1.285,1.576,0.943,1.034,0.52,0.418,0.113,0.031,0.0,0.0,0.0,0.0,0.0,0.0,0.0
2019-11-28,0.0,0.0,0.0,0.0,0.0,0.0,0.0,0.0,0.0,0.0,0.0,0.0,0.0,0.011,0.077,0.103,0.346,0.471,1.017,0.873,1.386,1.084,1.833,1.309,2.179,1.371,1.95,1.561,2.212,1.647,2.222,1.515,1.965,1.282,1.559,0.938,1.016,0.513,0.447,0.135,0.04,0.0,0.0,0.0,0.0,0.0,0.0,0.0
2019-11-29,0.0,0.0,0.0,0.0,0.0,0.0,0.0,0.0,0.0,0.0,0.0,0.0,0.0,0.064,0.165,0.219,0.406,0.474,0.98,0.922,1.538,1.294,1.899,1.526,2.192,1.632,2.304,1.364,2.032,1.558,1.51,0.491,0.314,0.283,0.415,0.131,0.063,0.022,0.018,0.004,0.0,0.0,0.0,0.0,0.0,0.0,0.0,0.0
2019-11-30,0.0,0.0,0.0,0.0,0.0,0.0,0.0,0.0,0.0,0.0,0.0,0.0,0.0,0.012,0.177,0.168,0.369,0.47,1.002,0.96,1.532,1.001,2.08,1.604,2.323,1.727,2.51,1.75,2.389,1.671,2.274,1.545,2.03,1.322,1.646,0.998,0.996,0.528,0.453,0.116,0.022,0.0,0.0,0.0,0.0,0.0,0.0,0.0
2019-12-01,0.0,0.0,0.0,0.0,0.0,0.0,0.0,0.0,0.0,0.0,0.0,0.0,0.0,0.0,0.043,0.069,0.187,0.196,0.683,0.455,1.171,0.746,0.452,0.297,0.678,0.903,1.172,0.464,0.873,0.097,0.427,0.358,0.302,0.153,0.209,0.101,0.082,0.034,0.059,0.03,0.024,0.0,0.0,0.0,0.0,0.0,0.0,0.0
2019-12-02,0.0,0.0,0.0,0.0,0.0,0.0,0.0,0.0,0.0,0.0,0.0,0.0,0.0,0.036,0.114,0.153,0.334,0.447,0.434,0.319,0.769,1.13,0.87,1.219,1.156,0.724,1.435,0.891,1.325,1.09,2.106,1.439,1.261,1.359,1.368,0.315,0.282,0.302,0.223,0.063,0.012,0.0,0.0,0.0,0.0,0.0,0.0,0.0
2019-12-03,0.0,0.0,0.0,0.0,0.0,0.0,0.0,0.0,0.0,0.0,0.0,0.0,0.0,0.0,0.068,0.108,0.241,0.294,0.775,0.76,1.184,1.129,1.244,1.044,1.693,1.316,2.266,1.086,0.882,0.947,1.336,0.883,1.354,0.683,0.928,0.459,0.688,0.56,0.421,0.101,0.033,0.0,0.0,0.0,0.0,0.0,0.0,0.0
2019-12-04,0.0,0.0,0.0,0.0,0.0,0.0,0.0,0.0,0.0,0.0,0.0,0.0,0.0,0.022,0.141,0.193,0.43,0.434,0.622,0.462,1.09,0.907,1.675,1.118,1.506,1.253,1.804,1.249,2.408,1.742,2.356,1.598,2.042,1.316,1.628,0.99,1.097,0.556,0.46,0.12,0.029,0.001,0.0,0.0,0.0,0.0,0.0,0.0
2019-12-05,0.0,0.0,0.0,0.0,0.0,0.0,0.0,0.0,0.0,0.0,0.0,0.0,0.0,0.039,0.167,0.107,0.25,0.307,0.533,0.546,0.943,1.0,1.225,1.306,1.739,0.897,1.563,1.742,2.427,1.488,2.247,1.403,1.839,0.769,1.384,1.009,1.105,0.56,0.465,0.137,0.043,0.001,0.0,0.0,0.0,0.0,0.0,0.0
2019-12-06,0.0,0.0,0.0,0.0,0.0,0.0,0.0,0.0,0.0,0.0,0.0,0.0,0.0,0.025,0.1,0.178,0.431,0.373,0.669,0.652,0.85,0.76,1.08,1.047,1.709,1.376,1.8,1.008,1.795,1.002,1.865,1.25,1.874,1.227,1.209,0.614,1.103,0.48,0.416,0.12,0.047,0.001,0.0,0.0,0.0,0.0,0.0,0.0
2019-12-07,0.0,0.0,0.0,0.0,0.0,0.0,0.0,0.0,0.0,0.0,0.0,0.0,0.0,0.047,0.164,0.185,0.463,0.442,0.916,0.751,1.415,1.126,1.68,1.374,2.178,1.632,2.105,1.618,2.333,1.638,2.241,1.562,2.05,1.342,1.653,0.994,1.1,0.56,0.473,0.156,0.061,0.001,0.0,0.0,0.0,0.0,0.0,0.0
2019-12-08,0.0,0.0,0.0,0.0,0.0,0.0,0.0,0.0,0.0,0.0,0.0,0.0,0.0,0.04,0.105,0.119,0.362,0.452,1.017,0.94,1.523,1.252,1.92,1.478,2.163,1.623,2.344,1.711,2.374,1.647,2.204,1.505,1.888,1.152,1.509,0.893,0.976,0.536,0.435,0.148,0.055,0.0,0.0,0.0,0.0,0.0,0.0,0.0
2019-12-09,0.0,0.0,0.0,0.0,0.0,0.0,0.0,0.0,0.0,0.0,0.0,0.0,0.0,0.001,0.078,0.097,0.321,0.434,0.922,0.882,1.228,1.06,1.642,1.468,2.163,1.578,2.238,1.368,1.931,1.478,1.819,0.847,1.305,1.275,1.433,0.57,0.465,0.178,0.285,0.106,0.023,0.0,0.0,0.0,0.0,0.0,0.0,0.0
2019-12-10,0.0,0.0,0.0,0.0,0.0,0.0,0.0,0.0,0.0,0.0,0.0,0.0,0.0,0.0,0.113,0.176,0.21,0.359,1.066,0.858,0.683,0.475,0.833,0.705,1.317,1.354,2.019,1.813,2.472,1.745,2.362,1.615,2.109,1.369,1.667,1.023,1.178,0.596,0.393,0.116,0.055,0.002,0.0,0.0,0.0,0.0,0.0,0.0
2019-12-11,0.0,0.0,0.0,0.0,0.0,0.0,0.0,0.0,0.0,0.0,0.0,0.0,0.0,0.0,0.051,0.106,0.314,0.448,0.64,0.555,0.744,0.677,0.781,0.753,1.215,1.16,1.55,1.363,1.813,1.163,1.293,0.713,1.825,1.16,1.233,0.721,1.086,0.654,0.495,0.132,0.082,0.003,0.0,0.0,0.0,0.0,0.0,0.0
2019-12-12,0.0,0.0,0.0,0.0,0.0,0.0,0.0,0.0,0.0,0.0,0.0,0.0,0.0,0.025,0.071,0.089,0.245,0.37,0.503,0.316,0.483,0.881,1.137,0.555,1.068,0.957,2.002,1.481,2.396,1.702,2.351,1.569,2.059,1.279,1.233,1.019,0.735,0.398,0.595,0.156,0.042,0.0,0.0,0.0,0.0,0.0,0.0,0.0
2019-12-13,0.0,0.0,0.0,0.0,0.0,0.0,0.0,0.0,0.0,0.0,0.0,0.0,0.0,0.0,0.12,0.176,0.369,0.372,0.825,0.908,1.27,1.166,1.505,1.005,1.445,1.395,1.884,1.341,2.333,1.374,1.963,1.423,1.742,1.318,0.811,0.352,0.376,0.29,0.152,0.068,0.026,0.0,0.0,0.0,0.0,0.0,0.0,0.0
2019-12-14,0.0,0.0,0.0,0.0,0.0,0.0,0.0,0.0,0.0,0.0,0.0,0.0,0.0,0.004,0.085,0.09,0.122,0.15,0.473,0.439,0.404,0.357,0.673,0.798,0.797,0.525,1.308,0.733,0.712,0.582,1.29,0.69,0.966,0.403,0.548,0.373,0.402,0.238,0.171,0.063,0.023,0.0,0.0,0.0,0.0,0.0,0.0,0.0
2019-12-15,0.0,0.0,0.0,0.0,0.0,0.0,0.0,0.0,0.0,0.0,0.0,0.0,0.0,0.021,0.104,0.12,0.23,0.187,0.6,0.546,0.822,0.681,1.057,0.634,1.17,0.866,1.145,0.982,1.619,1.124,1.418,0.907,1.093,0.622,0.933,0.472,0.734,0.447,0.261,0.098,0.11,0.004,0.0,0.0,0.0,0.0,0.0,0.0
2019-12-16,0.0,0.0,0.0,0.0,0.0,0.0,0.0,0.0,0.0,0.0,0.0,0.0,0.0,0.0,0.061,0.151,0.275,0.335,0.567,0.415,0.75,0.902,1.117,0.858,1.339,1.121,2.009,1.732,2.391,1.434,2.121,1.534,2.019,1.329,1.654,1.003,0.842,0.584,0.503,0.162,0.063,0.003,0.0,0.0,0.0,0.0,0.0,0.0
2019-12-17,0.0,0.0,0.0,0.0,0.0,0.0,0.0,0.0,0.0,0.0,0.0,0.0,0.0,0.032,0.115,0.132,0.362,0.376,0.827,0.762,1.291,1.042,1.675,1.35,1.941,1.488,2.058,1.483,1.921,1.015,1.808,1.268,1.764,1.192,1.38,0.86,0.95,0.409,0.394,0.135,0.067,0.002,0.0,0.0,0.0,0.0,0.0,0.0
2019-12-18,0.0,0.0,0.0,0.0,0.0,0.0,0.0,0.0,0.0,0.0,0.0,0.0,0.0,0.0,0.069,0.098,0.306,0.397,0.839,0.801,1.368,1.085,1.695,1.385,1.763,1.451,1.857,1.503,1.961,1.497,1.515,0.895,1.168,0.964,1.552,0.627,0.727,0.3,0.292,0.111,0.068,0.003,0.0,0.0,0.0,0.0,0.0,0.0
2019-12-19,0.0,0.0,0.0,0.0,0.0,0.0,0.0,0.0,0.0,0.0,0.0,0.0,0.0,0.0,0.053,0.124,0.305,0.315,0.777,0.737,1.271,1.175,1.84,1.443,2.144,1.618,2.337,1.69,2.293,1.569,2.171,1.522,1.997,1.311,1.648,0.946,1.07,0.55,0.51,0.173,0.079,0.004,0.0,0.0,0.0,0.0,0.0,0.0
2019-12-20,0.0,0.0,0.0,0.0,0.0,0.0,0.0,0.0,0.0,0.0,0.0,0.0,0.0,0.009,0.077,0.09,0.28,0.389,0.848,0.813,1.389,1.138,1.768,1.358,2.012,1.491,2.102,1.487,2.077,1.429,1.862,1.216,1.53,0.947,1.117,0.74,0.803,0.449,0.318,0.122,0.055,0.001,0.0,0.0,0.0,0.0,0.0,0.0
2019-12-21,0.0,0.0,0.0,0.0,0.0,0.0,0.0,0.0,0.0,0.0,0.0,0.0,0.0,0.0,0.0,0.073,0.312,0.418,0.848,0.809,1.514,1.224,1.952,1.534,2.256,1.16,1.764,1.647,2.431,1.729,2.323,1.62,2.12,1.391,1.733,1.056,1.189,0.627,0.558,0.198,0.093,0.008,0.0,0.0,0.0,0.0,0.0,0.0
2019-12-22,0.0,0.0,0.0,0.0,0.0,0.0,0.0,0.0,0.0,0.0,0.0,0.0,0.0,0.0,0.09,0.163,0.386,0.429,0.745,0.942,1.515,1.217,1.848,1.48,2.184,1.628,2.338,1.693,2.364,1.659,2.255,1.547,2.028,1.331,1.678,1.029,1.169,0.617,0.552,0.194,0.093,0.008,0.0,0.0,0.0,0.0,0.0,0.0
2019-12-23,0.0,0.0,0.0,0.0,0.0,0.0,0.0,0.0,0.0,0.0,0.0,0.0,0.0,0.042,0.122,0.164,0.38,0.391,0.629,0.452,1.096,1.093,1.655,1.33,1.95,1.531,1.984,1.583,2.207,1.587,2.155,1.482,1.776,0.888,1.534,0.792,0.68,0.269,0.139,0.047,0.035,0.001,0.0,0.0,0.0,0.0,0.0,0.0
2019-12-24,0.0,0.0,0.0,0.0,0.0,0.0,0.0,0.0,0.0,0.0,0.0,0.0,0.0,0.036,0.11,0.161,0.367,0.348,0.692,0.73,1.214,1.137,1.744,1.394,2.081,1.538,2.201,1.604,2.24,1.583,2.152,1.469,1.941,1.136,1.59,0.856,1.02,0.624,0.542,0.197,0.088,0.007,0.0,0.0,0.0,0.0,0.0,0.0
2019-12-25,0.0,0.0,0.0,0.0,0.0,0.0,0.0,0.0,0.0,0.0,0.0,0.0,0.0,0.035,0.142,0.183,0.349,0.376,0.795,0.803,1.347,1.144,1.792,1.376,2.074,1.548,2.232,1.611,2.256,1.61,2.201,1.481,1.938,1.253,1.558,0.939,1.045,0.543,0.479,0.176,0.091,0.008,0.0,0.0,0.0,0.0,0.0,0.0
2019-12-26,0.0,0.0,0.0,0.0,0.0,0.0,0.0,0.0,0.0,0.0,0.0,0.0,0.0,0.0,0.0,0.092,0.302,0.291,0.61,0.393,0.846,0.864,1.401,1.414,2.193,1.635,2.368,1.722,2.412,1.707,2.312,1.583,2.09,1.381,1.725,1.057,1.192,0.632,0.577,0.206,0.09,0.007,0.0,0.0,0.0,0.0,0.0,0.0
2019-12-27,0.0,0.0,0.0,0.0,0.0,0.0,0.0,0.0,0.0,0.0,0.0,0.0,0.0,0.015,0.14,0.183,0.376,0.419,0.88,0.818,1.422,1.182,1.805,1.334,1.985,1.488,2.155,1.566,2.226,1.554,2.126,1.463,1.885,1.225,1.522,0.885,0.967,0.491,0.43,0.155,0.079,0.009,0.0,0.0,0.0,0.0,0.0,0.0
2019-12-28,0.0,0.0,0.0,0.0,0.0,0.0,0.0,0.0,0.0,0.0,0.0,0.0,0.0,0.0,0.04,0.074,0.211,0.175,0.427,0.528,0.716,0.941,1.561,1.329,1.747,1.369,2.218,1.517,2.045,1.116,2.083,1.133,1.576,0.778,0.91,0.52,0.532,0.322,0.277,0.094,0.048,0.003,0.0,0.0,0.0,0.0,0.0,0.0
2019-12-29,0.0,0.0,0.0,0.0,0.0,0.0,0.0,0.0,0.0,0.0,0.0,0.0,0.0,0.0,0.068,0.091,0.262,0.345,0.772,0.75,1.31,1.102,1.74,1.357,2.007,1.526,2.17,1.529,2.087,1.513,2.08,1.321,1.893,1.179,1.459,0.925,1.029,0.54,0.482,0.173,0.061,0.004,0.0,0.0,0.0,0.0,0.0,0.0
2019-12-30,0.0,0.0,0.0,0.0,0.0,0.0,0.0,0.0,0.0,0.0,0.0,0.0,0.0,0.023,0.08,0.09,0.253,0.333,0.753,0.804,1.315,0.931,1.082,0.426,0.431,0.588,1.487,1.495,2.213,1.374,2.019,1.134,0.266,0.099,0.755,0.385,0.647,0.222,0.047,0.0,0.0,0.0,0.0,0.0,0.0,0.0,0.0,0.0
2019-12-31,0.0,0.0,0.0,0.0,0.0,0.0,0.0,0.0,0.0,0.0,0.0,0.0,0.0,0.0,0.0,0.026,0.157,0.224,0.527,0.654,1.207,1.278,1.651,1.523,2.237,1.672,2.426,1.754,2.462,1.735,2.366,1.608,2.116,1.387,1.725,1.05,1.208,0.653,0.603,0.218,0.105,0.01,0.0,0.0,0.0,0.0,0.0,0.0
